Region index, Position on reference genome, Number of positions on reference genome, Lineage name, Sample names, Sample names (simple), 
1, 19608 19609,2,Lineage_10b, O:384-Scr-crNo-2_t11 O:384-Scr-crNo-2_t11, subj-10_scrape-384_col-2 subj-10_scrape-384_col-2,
2, 25372 25373,2,Lineage_1a, A:009-Ext-trFoBs-1_t00 A:009-Ext-trFoBs-1_t00, subj-1_multipore-9_col-4 subj-1_multipore-9_col-4,
3, 26902 26911,2,Lineage_7b, I:334-Scr-clLc-3_t11 I:334-Scr-clLc-3_t11, subj-7_scrape-334_col-2 subj-7_scrape-334_col-2,
4, 29123 29124,2,Lineage_1c, A:380-Scr-tlBa-2_t11 A:380-Scr-tlBa-2_t11, subj-1_scrape-380_col-5 subj-1_scrape-380_col-5,
5, 33423 33425 33428,3,Lineage_10d, O:385-Scr-clNo-5_t11 O:385-Scr-clNo-5_t11 O:385-Scr-clNo-5_t11, subj-10_scrape-385_col-2 subj-10_scrape-385_col-2 subj-10_scrape-385_col-2,
6, 46480 46492,2,Lineage_2h, B:310-Scr-tlBa-5_t11 B:310-Scr-tlBa-5_t11, subj-2_scrape-310_col-5 subj-2_scrape-310_col-5,
7, 133191 133561,2,Lineage_1c, A:380-Scr-tlBa-5_t11 A:298-Scr-clBa-3_t08 A:066-Scr-tlBa-2_t00 A:442-Scr-trBa-3_t60 A:444-Scr-tlBa-3_t60 A:380-Scr-tlBa-5_t11 A:380-Scr-tlBa-4_t11 A:066-Scr-tlBa-2_t00 A:442-Scr-trBa-3_t60 A:444-Scr-tlBa-3_t60, subj-1_scrape-380_col-2 subj-1_scrape-298_col-2 subj-1_scrape-66_col-2 subj-1_scrape-442_col-3 subj-1_scrape-444_col-3 subj-1_scrape-380_col-2 subj-1_scrape-380_col-3 subj-1_scrape-66_col-2 subj-1_scrape-442_col-3 subj-1_scrape-444_col-3,
8, 167278 167279,2,Lineage_12c, M:352-Scr-crNo-4_t11 M:352-Scr-crNo-4_t11, subj-12_scrape-352_col-3 subj-12_scrape-352_col-3,
9, 313646 313648 313649,3,Lineage_10a, O:383-Scr-Lc-6_t11 O:383-Scr-Lc-6_t11 O:383-Scr-Lc-6_t11, subj-10_scrape-383_col-1 subj-10_scrape-383_col-1 subj-10_scrape-383_col-1,
10, 324219 324220 324221,3,Lineage_2i, B:078-Ext-trFoBp-3_t00 B:078-Ext-trFoBp-2_t00 B:078-Ext-trFoBp-3_t00 B:078-Ext-trFoBp-2_t00 B:078-Ext-trFoBp-3_t00 B:078-Ext-trFoBp-2_t00, subj-2_pore-78_col-1 subj-2_pore-78_col-2 subj-2_pore-78_col-1 subj-2_pore-78_col-2 subj-2_pore-78_col-1 subj-2_pore-78_col-2,
11, 364650 364658,2,Lineage_11c, K:341-Scr-Fo-3_t11 K:341-Scr-Fo-3_t11, subj-11_scrape-341_col-3 subj-11_scrape-341_col-3,
12, 503843 503844,2,Lineage_2e, B:087-Ext-brNoBs-4_t00 B:087-Ext-brNoBs-4_t00, subj-2_pore-87_col-1 subj-2_pore-87_col-1,
13, 513567 513568,2,Lineage_6a, L:357-Scr-Fo-1_t11 L:357-Scr-Fo-1_t11, subj-6_scrape-357_col-3 subj-6_scrape-357_col-3,
14, 611400 611401,2,Lineage_1a, A:248-Stp-Fo76-3_t08 A:296-Scr-trBa-1_t08 A:289-Scr-Rch-4_t08 A:295-Scr-crBa-3_t08 A:295-Scr-crBa-1_t08 A:254-Stp-Lc79-2_t08 A:290-Scr-clCh-3_t08 A:254-Stp-Lc79-1_t08 A:048-Scr-Rc-2_t00 A:004-Ext-clFoW-1_t00 A:004-Ext-clFoW-2_t00 A:004-Ext-clFoW-3_t00 A:004-Ext-clFoW-4_t00 A:043-Ext-brChB-4_t00 A:043-Ext-brChB-3_t00 A:043-Ext-brChB-2_t00 A:035-Ext-trMoBs-5_t00 A:035-Ext-trMoBs-4_t00 A:035-Ext-trMoBs-2_t00 A:035-Ext-trMoBs-1_t00 A:028-Ext-tlMoWd-4_t00 A:028-Ext-tlMoWd-2_t00 A:028-Ext-tlMoWd-1_t00 A:413-Scr-Rc-2_t35 A:440-Scr-Ch-2_t60 A:439-Scr-Fo-8_t60 A:439-Scr-Fo-11_t60 A:248-Stp-Fo76-3_t08 A:296-Scr-trBa-1_t08 A:289-Scr-Rch-4_t08 A:295-Scr-crBa-1_t08 A:254-Stp-Lc79-2_t08 A:290-Scr-clCh-3_t08 A:254-Stp-Lc79-1_t08 A:048-Scr-Rc-2_t00 A:004-Ext-clFoW-1_t00 A:004-Ext-clFoW-2_t00 A:004-Ext-clFoW-3_t00 A:004-Ext-clFoW-4_t00 A:043-Ext-brChB-4_t00 A:043-Ext-brChB-3_t00 A:043-Ext-brChB-2_t00 A:035-Ext-trMoBs-5_t00 A:035-Ext-trMoBs-4_t00 A:035-Ext-trMoBs-2_t00 A:035-Ext-trMoBs-1_t00 A:028-Ext-tlMoWd-4_t00 A:028-Ext-tlMoWd-2_t00 A:028-Ext-tlMoWd-1_t00 A:413-Scr-Rc-2_t35 A:440-Scr-Ch-2_t60 A:439-Scr-Fo-8_t60 A:439-Scr-Fo-11_t60, subj-1_pore-248_col-1 subj-1_scrape-296_col-1 subj-1_scrape-289_col-1 subj-1_scrape-295_col-2 subj-1_scrape-295_col-4 subj-1_pore-254_col-1 subj-1_scrape-290_col-2 subj-1_pore-254_col-2 subj-1_scrape-48_col-1 subj-1_pore-4_col-1 subj-1_pore-4_col-2 subj-1_pore-4_col-3 subj-1_pore-4_col-4 subj-1_pore-43_col-1 subj-1_pore-43_col-2 subj-1_pore-43_col-3 subj-1_multipore-35_col-1 subj-1_multipore-35_col-2 subj-1_multipore-35_col-4 subj-1_multipore-35_col-5 subj-1_pore-28_col-1 subj-1_pore-28_col-2 subj-1_pore-28_col-3 subj-1_scrape-413_col-2 subj-1_scrape-440_col-2 subj-1_scrape-439_col-2 subj-1_scrape-439_col-4 subj-1_pore-248_col-1 subj-1_scrape-296_col-1 subj-1_scrape-289_col-1 subj-1_scrape-295_col-4 subj-1_pore-254_col-1 subj-1_scrape-290_col-2 subj-1_pore-254_col-2 subj-1_scrape-48_col-1 subj-1_pore-4_col-1 subj-1_pore-4_col-2 subj-1_pore-4_col-3 subj-1_pore-4_col-4 subj-1_pore-43_col-1 subj-1_pore-43_col-2 subj-1_pore-43_col-3 subj-1_multipore-35_col-1 subj-1_multipore-35_col-2 subj-1_multipore-35_col-4 subj-1_multipore-35_col-5 subj-1_pore-28_col-1 subj-1_pore-28_col-2 subj-1_pore-28_col-3 subj-1_scrape-413_col-2 subj-1_scrape-440_col-2 subj-1_scrape-439_col-2 subj-1_scrape-439_col-4,
15, 714473 714474,2,Lineage_1a, A:249-Stp-Fo74-3_t08 A:268-Ext-blFoW-1_t08 A:229-Stp-No67-2_t08 A:229-Stp-No67-1_t08 A:007-Ext-bcFoBs-1_t00 A:046-Scr-Fo-1_t00 A:046-Scr-Fo-2_t00 A:003-Ext-blFoB-3_t00 A:003-Ext-blFoB-1_t00 A:249-Stp-Fo74-3_t08 A:268-Ext-blFoW-1_t08 A:229-Stp-No67-2_t08 A:229-Stp-No67-1_t08 A:007-Ext-bcFoBs-1_t00 A:046-Scr-Fo-1_t00 A:046-Scr-Fo-2_t00 A:003-Ext-blFoB-3_t00 A:003-Ext-blFoB-1_t00, subj-1_pore-249_col-1 subj-1_pore-268_col-2 subj-1_pore-229_col-1 subj-1_pore-229_col-2 subj-1_multipore-7_col-3 subj-1_scrape-46_col-1 subj-1_scrape-46_col-2 subj-1_pore-3_col-1 subj-1_pore-3_col-2 subj-1_pore-249_col-1 subj-1_pore-268_col-2 subj-1_pore-229_col-1 subj-1_pore-229_col-2 subj-1_multipore-7_col-3 subj-1_scrape-46_col-1 subj-1_scrape-46_col-2 subj-1_pore-3_col-1 subj-1_pore-3_col-2,
16, 717011 717012,2,Lineage_1b, A:019-Ext-trChBy-4_t00 A:412-Scr-Lc-4_t35 A:414-Scr-Ch-2_t35 A:441-Scr-Ch-11_t60 A:019-Ext-trChBy-4_t00 A:412-Scr-Lc-4_t35 A:414-Scr-Ch-2_t35 A:441-Scr-Ch-11_t60, subj-1_pore-19_col-1 subj-1_scrape-412_col-4 subj-1_scrape-414_col-2 subj-1_scrape-441_col-4 subj-1_pore-19_col-1 subj-1_scrape-412_col-4 subj-1_scrape-414_col-2 subj-1_scrape-441_col-4,
17, 722842 722843,2,Lineage_8a, R:410-Ext-blFoBs-5_t15 R:410-Ext-blFoBs-4_t15 R:410-Ext-blFoBs-5_t15 R:410-Ext-blFoBs-4_t15, subj-8_multipore-410_col-2 subj-8_multipore-410_col-3 subj-8_multipore-410_col-2 subj-8_multipore-410_col-3,
18, 755003 755004,2,Lineage_1c, A:443-Scr-trBa-8_t60 A:443-Scr-trBa-8_t60, subj-1_scrape-443_col-2 subj-1_scrape-443_col-2,
19, 760365 760374,2,Lineage_13a, J:327-Scr-Ch-2_t11 J:327-Scr-Ch-2_t11, subj-13_scrape-327_col-3 subj-13_scrape-327_col-3,
20, 761190 761199,2,Lineage_10d, O:385-Scr-clNo-6_t11 O:385-Scr-clNo-4_t11 O:385-Scr-clNo-6_t11, subj-10_scrape-385_col-1 subj-10_scrape-385_col-3 subj-10_scrape-385_col-1,
21, 783111 783137,2,Lineage_10d, O:385-Scr-clNo-6_t11 O:385-Scr-clNo-6_t11, subj-10_scrape-385_col-1 subj-10_scrape-385_col-1,
22, 837758 837759,2,Lineage_2b, B:304-Scr-Lc-4_t11 B:309-Scr-trBa-3_t11 B:307-Scr-crNo-4_t11 B:308-Scr-clNo-4_t11 B:083-Ext-crNoBs-2_t00 B:304-Scr-Lc-4_t11 B:309-Scr-trBa-3_t11 B:307-Scr-crNo-4_t11 B:308-Scr-clNo-4_t11 B:083-Ext-crNoBs-2_t00, subj-2_scrape-304_col-2 subj-2_scrape-309_col-4 subj-2_scrape-307_col-4 subj-2_scrape-308_col-5 subj-2_multipore-83_col-3 subj-2_scrape-304_col-2 subj-2_scrape-309_col-4 subj-2_scrape-307_col-4 subj-2_scrape-308_col-5 subj-2_multipore-83_col-3,
23, 871516 871519,2,Lineage_1a, A:289-Scr-Rch-4_t08 A:289-Scr-Rch-4_t08, subj-1_scrape-289_col-1 subj-1_scrape-289_col-1,
24, 883337 883344,2,Lineage_2a, B:083-Ext-crNoBs-4_t00 B:083-Ext-crNoBs-4_t00 B:083-Ext-crNoBs-1_t00, subj-2_multipore-83_col-1 subj-2_multipore-83_col-1 subj-2_multipore-83_col-4,
25, 937348 937349,2,Lineage_1b, A:301-Scr-Ch-4_t08 A:265-Ext-RcB-2_t08 A:280-Ext-crMoW-2_t08 A:265-Ext-RcB-1_t08 A:295-Scr-crBa-4_t08 A:293-Scr-trBa-3_t08 A:294-Scr-clBa-1_t08 A:007-Ext-bcFoBs-3_t00 A:044-Ext-trFoB-3_t00 A:040-Ext-trRcBt-4_t00 A:039-Ext-bcNoBl-4_t00 A:039-Ext-bcNoBl-3_t00 A:038-Ext-ccNoB-1_t00 A:034-Ext-crNoBs-5_t00 A:034-Ext-crNoBs-16_t00 A:033-Ext-crNoBs-6_t00 A:033-Ext-crNoBs-3_t00 A:033-Ext-crNoBs-2_t00 A:033-Ext-crNoBs-12_t00 A:029-Ext-tlNoBs-3_t00 A:027-Ext-tlLcWr-4_t00 A:027-Ext-tlLcWr-2_t00 A:027-Ext-tlLcWr-1_t00 A:014-Ext-blRcB-3_t00 A:014-Ext-blRcB-1_t00 A:013-Ext-blRcB-4_t00 A:013-Ext-blRcB-2_t00 A:013-Ext-blRcB-1_t00 A:412-Scr-Lc-2_t35 A:413-Scr-Rc-4_t35 A:413-Scr-Rc-5_t35 A:414-Scr-Ch-1_t35 A:413-Scr-Rc-9_t35 A:413-Scr-Rc-10_t35 A:413-Scr-Rc-12_t35 A:016-Ext-trRcBl-1_t00 A:016-Ext-trRcBl-3_t00 A:016-Ext-trRcBl-4_t00 A:434-Scr-Rc-1_t60 A:434-Scr-Rc-3_t60 A:434-Scr-Rc-6_t60 A:438-Scr-Fo-4_t60 A:437-Scr-Lc-2_t60 A:439-Scr-Fo-13_t60 A:434-Scr-Rc-14_t60 A:434-Scr-Rc-15_t60 A:438-Scr-Fo-17_t60 A:301-Scr-Ch-4_t08 A:265-Ext-RcB-2_t08 A:280-Ext-crMoW-2_t08 A:265-Ext-RcB-1_t08 A:295-Scr-crBa-4_t08 A:293-Scr-trBa-3_t08 A:294-Scr-clBa-1_t08 A:007-Ext-bcFoBs-3_t00 A:044-Ext-trFoB-3_t00 A:040-Ext-trRcBt-4_t00 A:039-Ext-bcNoBl-4_t00 A:039-Ext-bcNoBl-3_t00 A:038-Ext-ccNoB-1_t00 A:034-Ext-crNoBs-5_t00 A:034-Ext-crNoBs-16_t00 A:033-Ext-crNoBs-6_t00 A:033-Ext-crNoBs-3_t00 A:033-Ext-crNoBs-2_t00 A:033-Ext-crNoBs-12_t00 A:029-Ext-tlNoBs-3_t00 A:027-Ext-tlLcWr-4_t00 A:027-Ext-tlLcWr-2_t00 A:027-Ext-tlLcWr-1_t00 A:014-Ext-blRcB-3_t00 A:013-Ext-blRcB-4_t00 A:013-Ext-blRcB-2_t00 A:013-Ext-blRcB-1_t00 A:412-Scr-Lc-2_t35 A:413-Scr-Rc-4_t35 A:413-Scr-Rc-5_t35 A:414-Scr-Ch-1_t35 A:413-Scr-Rc-9_t35 A:413-Scr-Rc-10_t35 A:413-Scr-Rc-12_t35 A:016-Ext-trRcBl-1_t00 A:016-Ext-trRcBl-3_t00 A:016-Ext-trRcBl-4_t00 A:434-Scr-Rc-1_t60 A:434-Scr-Rc-3_t60 A:434-Scr-Rc-6_t60 A:438-Scr-Fo-4_t60 A:437-Scr-Lc-2_t60 A:439-Scr-Fo-13_t60 A:434-Scr-Rc-14_t60 A:434-Scr-Rc-15_t60 A:438-Scr-Fo-17_t60, subj-1_scrape-301_col-1 subj-1_pore-265_col-1 subj-1_pore-280_col-2 subj-1_pore-265_col-2 subj-1_scrape-295_col-1 subj-1_scrape-293_col-1 subj-1_scrape-294_col-2 subj-1_multipore-7_col-1 subj-1_pore-44_col-3 subj-1_pore-40_col-1 subj-1_pore-39_col-1 subj-1_pore-39_col-2 subj-1_pore-38_col-2 subj-1_multipore-34_col-3 subj-1_multipore-34_col-9 subj-1_multipore-33_col-4 subj-1_multipore-33_col-6 subj-1_multipore-33_col-7 subj-1_multipore-33_col-11 subj-1_multipore-29_col-1 subj-1_pore-27_col-2 subj-1_pore-27_col-3 subj-1_pore-27_col-4 subj-1_pore-14_col-2 subj-1_pore-14_col-4 subj-1_pore-13_col-1 subj-1_pore-13_col-3 subj-1_pore-13_col-4 subj-1_scrape-412_col-2 subj-1_scrape-413_col-3 subj-1_scrape-413_col-4 subj-1_scrape-414_col-1 subj-1_scrape-413_col-8 subj-1_scrape-413_col-9 subj-1_scrape-413_col-11 subj-1_pore-16_col-1 subj-1_pore-16_col-2 subj-1_pore-16_col-3 subj-1_scrape-434_col-1 subj-1_scrape-434_col-3 subj-1_scrape-434_col-6 subj-1_scrape-438_col-3 subj-1_scrape-437_col-2 subj-1_scrape-439_col-5 subj-1_scrape-434_col-8 subj-1_scrape-434_col-9 subj-1_scrape-438_col-7 subj-1_scrape-301_col-1 subj-1_pore-265_col-1 subj-1_pore-280_col-2 subj-1_pore-265_col-2 subj-1_scrape-295_col-1 subj-1_scrape-293_col-1 subj-1_scrape-294_col-2 subj-1_multipore-7_col-1 subj-1_pore-44_col-3 subj-1_pore-40_col-1 subj-1_pore-39_col-1 subj-1_pore-39_col-2 subj-1_pore-38_col-2 subj-1_multipore-34_col-3 subj-1_multipore-34_col-9 subj-1_multipore-33_col-4 subj-1_multipore-33_col-6 subj-1_multipore-33_col-7 subj-1_multipore-33_col-11 subj-1_multipore-29_col-1 subj-1_pore-27_col-2 subj-1_pore-27_col-3 subj-1_pore-27_col-4 subj-1_pore-14_col-2 subj-1_pore-13_col-1 subj-1_pore-13_col-3 subj-1_pore-13_col-4 subj-1_scrape-412_col-2 subj-1_scrape-413_col-3 subj-1_scrape-413_col-4 subj-1_scrape-414_col-1 subj-1_scrape-413_col-8 subj-1_scrape-413_col-9 subj-1_scrape-413_col-11 subj-1_pore-16_col-1 subj-1_pore-16_col-2 subj-1_pore-16_col-3 subj-1_scrape-434_col-1 subj-1_scrape-434_col-3 subj-1_scrape-434_col-6 subj-1_scrape-438_col-3 subj-1_scrape-437_col-2 subj-1_scrape-439_col-5 subj-1_scrape-434_col-8 subj-1_scrape-434_col-9 subj-1_scrape-438_col-7,
26, 961037 961040 961054,3,Lineage_11c, K:341-Scr-Fo-3_t11 K:341-Scr-Fo-3_t11 K:341-Scr-Fo-3_t11, subj-11_scrape-341_col-3 subj-11_scrape-341_col-3 subj-11_scrape-341_col-3,
27, 1053099 1053120,2,Lineage_11c, K:341-Scr-Fo-3_t11 K:341-Scr-Fo-3_t11, subj-11_scrape-341_col-3 subj-11_scrape-341_col-3,
28, 1070501 1070502,2,Lineage_9a, N:372-Scr-tlBa-6_t11 N:372-Scr-tlBa-2_t11 N:372-Scr-tlBa-6_t11 N:372-Scr-tlBa-2_t11, subj-9_scrape-372_col-1 subj-9_scrape-372_col-5 subj-9_scrape-372_col-1 subj-9_scrape-372_col-5,
29, 1101423 1101744,2,Lineage_9b, N:368-Scr-crNo-5_t11 N:368-Scr-crNo-5_t11, subj-9_scrape-368_col-1 subj-9_scrape-368_col-1,
30, 1104502 1104503,2,Lineage_2b, B:083-Ext-crNoBs-2_t00 B:083-Ext-crNoBs-2_t00, subj-2_multipore-83_col-3 subj-2_multipore-83_col-3,
31, 1244927 1244928,2,Lineage_2c, B:308-Scr-clNo-5_t11 B:308-Scr-clNo-5_t11, subj-2_scrape-308_col-1 subj-2_scrape-308_col-1,
32, 1340348 1340349,2,Lineage_2c, B:082-Ext-clNoBs-2_t00 B:082-Ext-clNoBs-2_t00, subj-2_multipore-82_col-3 subj-2_multipore-82_col-3,
33, 1390036 1390039,2,Lineage_10b, O:386-Scr-Ch-3_t11 O:386-Scr-Ch-3_t11, subj-10_scrape-386_col-4 subj-10_scrape-386_col-4,
34, 1479101 1479105,2,Lineage_3d, F:139-Stp-Lc14-2_t07 F:139-Stp-Lc14-1_t07 F:139-Stp-Lc14-2_t07 F:139-Stp-Lc14-1_t07, subj-3_pore-139_col-2 subj-3_pore-139_col-3 subj-3_pore-139_col-2 subj-3_pore-139_col-3,
35, 1485510 1485511,2,Lineage_2b, B:083-Ext-crNoBs-2_t00 B:083-Ext-crNoBs-2_t00, subj-2_multipore-83_col-3 subj-2_multipore-83_col-3,
36, 1544601 1544604,2,Lineage_1a, A:209-Stp-Rc60-2_t08 A:248-Stp-Fo76-3_t08 A:296-Scr-trBa-1_t08 A:289-Scr-Rch-4_t08 A:295-Scr-crBa-3_t08 A:295-Scr-crBa-1_t08 A:254-Stp-Lc79-2_t08 A:290-Scr-clCh-3_t08 A:254-Stp-Lc79-1_t08 A:048-Scr-Rc-2_t00 A:004-Ext-clFoW-1_t00 A:004-Ext-clFoW-2_t00 A:004-Ext-clFoW-3_t00 A:004-Ext-clFoW-4_t00 A:043-Ext-brChB-4_t00 A:043-Ext-brChB-3_t00 A:043-Ext-brChB-2_t00 A:035-Ext-trMoBs-5_t00 A:035-Ext-trMoBs-4_t00 A:035-Ext-trMoBs-2_t00 A:035-Ext-trMoBs-1_t00 A:028-Ext-tlMoWd-4_t00 A:028-Ext-tlMoWd-2_t00 A:028-Ext-tlMoWd-1_t00 A:413-Scr-Rc-2_t35 A:440-Scr-Ch-2_t60 A:439-Scr-Fo-8_t60 A:439-Scr-Fo-11_t60 A:209-Stp-Rc60-2_t08 A:248-Stp-Fo76-3_t08 A:289-Scr-Rch-4_t08 A:295-Scr-crBa-3_t08 A:295-Scr-crBa-1_t08 A:254-Stp-Lc79-2_t08 A:290-Scr-clCh-3_t08 A:254-Stp-Lc79-1_t08 A:048-Scr-Rc-2_t00 A:004-Ext-clFoW-1_t00 A:004-Ext-clFoW-2_t00 A:004-Ext-clFoW-3_t00 A:004-Ext-clFoW-4_t00 A:043-Ext-brChB-4_t00 A:043-Ext-brChB-3_t00 A:043-Ext-brChB-2_t00 A:035-Ext-trMoBs-5_t00 A:035-Ext-trMoBs-4_t00 A:035-Ext-trMoBs-2_t00 A:035-Ext-trMoBs-1_t00 A:028-Ext-tlMoWd-4_t00 A:028-Ext-tlMoWd-2_t00 A:028-Ext-tlMoWd-1_t00 A:413-Scr-Rc-2_t35 A:440-Scr-Ch-2_t60 A:439-Scr-Fo-8_t60 A:439-Scr-Fo-11_t60, subj-1_pore-209_col-1 subj-1_pore-248_col-1 subj-1_scrape-296_col-1 subj-1_scrape-289_col-1 subj-1_scrape-295_col-2 subj-1_scrape-295_col-4 subj-1_pore-254_col-1 subj-1_scrape-290_col-2 subj-1_pore-254_col-2 subj-1_scrape-48_col-1 subj-1_pore-4_col-1 subj-1_pore-4_col-2 subj-1_pore-4_col-3 subj-1_pore-4_col-4 subj-1_pore-43_col-1 subj-1_pore-43_col-2 subj-1_pore-43_col-3 subj-1_multipore-35_col-1 subj-1_multipore-35_col-2 subj-1_multipore-35_col-4 subj-1_multipore-35_col-5 subj-1_pore-28_col-1 subj-1_pore-28_col-2 subj-1_pore-28_col-3 subj-1_scrape-413_col-2 subj-1_scrape-440_col-2 subj-1_scrape-439_col-2 subj-1_scrape-439_col-4 subj-1_pore-209_col-1 subj-1_pore-248_col-1 subj-1_scrape-289_col-1 subj-1_scrape-295_col-2 subj-1_scrape-295_col-4 subj-1_pore-254_col-1 subj-1_scrape-290_col-2 subj-1_pore-254_col-2 subj-1_scrape-48_col-1 subj-1_pore-4_col-1 subj-1_pore-4_col-2 subj-1_pore-4_col-3 subj-1_pore-4_col-4 subj-1_pore-43_col-1 subj-1_pore-43_col-2 subj-1_pore-43_col-3 subj-1_multipore-35_col-1 subj-1_multipore-35_col-2 subj-1_multipore-35_col-4 subj-1_multipore-35_col-5 subj-1_pore-28_col-1 subj-1_pore-28_col-2 subj-1_pore-28_col-3 subj-1_scrape-413_col-2 subj-1_scrape-440_col-2 subj-1_scrape-439_col-2 subj-1_scrape-439_col-4,
37, 1588573 1588574,2,Lineage_12a, M:353-Scr-clNo-1_t11 M:352-Scr-crNo-6_t11 M:353-Scr-clNo-1_t11 M:352-Scr-crNo-6_t11, subj-12_scrape-353_col-6 subj-12_scrape-352_col-1 subj-12_scrape-353_col-6 subj-12_scrape-352_col-1,
38, 1605956 1606090,2,Lineage_1a, A:442-Scr-trBa-5_t60 A:442-Scr-trBa-5_t60, subj-1_scrape-442_col-5 subj-1_scrape-442_col-5,
39, 1632744 1632747,2,Lineage_2g, B:309-Scr-trBa-2_t11 B:309-Scr-trBa-2_t11, subj-2_scrape-309_col-3 subj-2_scrape-309_col-3,
40, 1667677 1667678 1667683,3,Lineage_1b, A:376-Scr-crNo-6_t11 A:272-Ext-tlChW-2_t08 A:272-Ext-tlChW-1_t08 A:275-Ext-tcFoB-1_t08 A:023-Ext-tcChBp-3_t00 A:024-Ext-bcChBs-1_t00 A:032-Ext-trNoBb-3_t00 A:032-Ext-trNoBb-2_t00 A:032-Ext-trNoBb-1_t00 A:019-Ext-trChBy-4_t00 A:413-Scr-Rc-1_t35 A:412-Scr-Lc-3_t35 A:412-Scr-Lc-4_t35 A:413-Scr-Rc-6_t35 A:414-Scr-Ch-2_t35 A:414-Scr-Ch-3_t35 A:415-Scr-trBa-4_t35 A:440-Scr-Ch-1_t60 A:440-Scr-Ch-3_t60 A:435-Scr-Rc-7_t60 A:437-Scr-Lc-3_t60 A:437-Scr-Lc-7_t60 A:437-Scr-Lc-10_t60 A:439-Scr-Fo-9_t60 A:441-Scr-Ch-11_t60 A:376-Scr-crNo-6_t11 A:378-Scr-Ch-1_t11 A:299-Scr-crBa-1_t08 A:272-Ext-tlChW-2_t08 A:280-Ext-crMoW-4_t08 A:272-Ext-tlChW-1_t08 A:279-Ext-brFoW-1_t08 A:279-Ext-brFoW-2_t08 A:275-Ext-tcFoB-1_t08 A:023-Ext-tcChBp-3_t00 A:024-Ext-bcChBs-1_t00 A:020-Ext-crChB-4_t00 A:020-Ext-crChB-2_t00 A:032-Ext-trNoBb-4_t00 A:032-Ext-trNoBb-3_t00 A:032-Ext-trNoBb-2_t00 A:032-Ext-trNoBb-1_t00 A:019-Ext-trChBy-4_t00 A:413-Scr-Rc-1_t35 A:412-Scr-Lc-3_t35 A:412-Scr-Lc-4_t35 A:413-Scr-Rc-6_t35 A:414-Scr-Ch-2_t35 A:440-Scr-Ch-1_t60 A:435-Scr-Rc-7_t60 A:437-Scr-Lc-1_t60 A:437-Scr-Lc-3_t60 A:437-Scr-Lc-4_t60 A:437-Scr-Lc-7_t60 A:437-Scr-Lc-10_t60 A:439-Scr-Fo-9_t60 A:441-Scr-Ch-11_t60 A:025-Ext-clChWp-1_t00 A:025-Ext-clChWp-2_t00 A:414-Scr-Ch-3_t35 A:415-Scr-trBa-4_t35 A:440-Scr-Ch-3_t60, subj-1_scrape-376_col-1 subj-1_pore-272_col-3 subj-1_pore-272_col-4 subj-1_pore-275_col-1 subj-1_pore-23_col-1 subj-1_multipore-24_col-1 subj-1_pore-32_col-2 subj-1_pore-32_col-3 subj-1_pore-32_col-4 subj-1_pore-19_col-1 subj-1_scrape-413_col-1 subj-1_scrape-412_col-3 subj-1_scrape-412_col-4 subj-1_scrape-413_col-5 subj-1_scrape-414_col-2 subj-1_scrape-414_col-3 subj-1_scrape-415_col-4 subj-1_scrape-440_col-1 subj-1_scrape-440_col-3 subj-1_scrape-435_col-1 subj-1_scrape-437_col-3 subj-1_scrape-437_col-6 subj-1_scrape-437_col-7 subj-1_scrape-439_col-3 subj-1_scrape-441_col-4 subj-1_scrape-376_col-1 subj-1_scrape-378_col-3 subj-1_scrape-299_col-2 subj-1_pore-272_col-3 subj-1_pore-280_col-1 subj-1_pore-272_col-4 subj-1_pore-279_col-1 subj-1_pore-279_col-2 subj-1_pore-275_col-1 subj-1_pore-23_col-1 subj-1_multipore-24_col-1 subj-1_pore-20_col-1 subj-1_pore-20_col-3 subj-1_pore-32_col-1 subj-1_pore-32_col-2 subj-1_pore-32_col-3 subj-1_pore-32_col-4 subj-1_pore-19_col-1 subj-1_scrape-413_col-1 subj-1_scrape-412_col-3 subj-1_scrape-412_col-4 subj-1_scrape-413_col-5 subj-1_scrape-414_col-2 subj-1_scrape-440_col-1 subj-1_scrape-435_col-1 subj-1_scrape-437_col-1 subj-1_scrape-437_col-3 subj-1_scrape-437_col-4 subj-1_scrape-437_col-6 subj-1_scrape-437_col-7 subj-1_scrape-439_col-3 subj-1_scrape-441_col-4 subj-1_pore-25_col-1 subj-1_pore-25_col-2 subj-1_scrape-414_col-3 subj-1_scrape-415_col-4 subj-1_scrape-440_col-3,
41, 1687676 1687677,2,Lineage_2d, B:311-Scr-ccCh-4_t11 B:311-Scr-ccCh-4_t11, subj-2_scrape-311_col-4 subj-2_scrape-311_col-4,
42, 1721654 1721655,2,Lineage_5b, Q:400-Scr-tcBa-5_t15 Q:400-Scr-tcBa-5_t15, subj-5_scrape-400_col-4 subj-5_scrape-400_col-4,
43, 1793873 1793874 1793879 1793880 1793881,5,Lineage_1b, A:301-Scr-Ch-4_t08 A:265-Ext-RcB-2_t08 A:280-Ext-crMoW-2_t08 A:265-Ext-RcB-1_t08 A:295-Scr-crBa-4_t08 A:294-Scr-clBa-2_t08 A:293-Scr-trBa-3_t08 A:294-Scr-clBa-1_t08 A:007-Ext-bcFoBs-3_t00 A:044-Ext-trFoB-4_t00 A:044-Ext-trFoB-3_t00 A:040-Ext-trRcBt-4_t00 A:039-Ext-bcNoBl-4_t00 A:039-Ext-bcNoBl-3_t00 A:039-Ext-bcNoBl-1_t00 A:038-Ext-ccNoB-2_t00 A:038-Ext-ccNoB-1_t00 A:037-Ext-ccNoBs-3_t00 A:037-Ext-ccNoBs-2_t00 A:037-Ext-ccNoBs-1_t00 A:034-Ext-crNoBs-5_t00 A:034-Ext-crNoBs-16_t00 A:034-Ext-crNoBs-11_t00 A:033-Ext-crNoBs-8_t00 A:033-Ext-crNoBs-7_t00 A:033-Ext-crNoBs-6_t00 A:033-Ext-crNoBs-3_t00 A:033-Ext-crNoBs-2_t00 A:033-Ext-crNoBs-17_t00 A:033-Ext-crNoBs-13_t00 A:033-Ext-crNoBs-12_t00 A:029-Ext-tlNoBs-3_t00 A:027-Ext-tlLcWr-5_t00 A:027-Ext-tlLcWr-4_t00 A:027-Ext-tlLcWr-2_t00 A:027-Ext-tlLcWr-1_t00 A:014-Ext-blRcB-4_t00 A:014-Ext-blRcB-3_t00 A:014-Ext-blRcB-2_t00 A:014-Ext-blRcB-1_t00 A:013-Ext-blRcB-4_t00 A:013-Ext-blRcB-3_t00 A:013-Ext-blRcB-2_t00 A:013-Ext-blRcB-1_t00 A:412-Scr-Lc-2_t35 A:413-Scr-Rc-4_t35 A:413-Scr-Rc-5_t35 A:414-Scr-Ch-1_t35 A:413-Scr-Rc-9_t35 A:413-Scr-Rc-10_t35 A:413-Scr-Rc-12_t35 A:016-Ext-trRcBl-1_t00 A:016-Ext-trRcBl-3_t00 A:434-Scr-Rc-1_t60 A:434-Scr-Rc-3_t60 A:434-Scr-Rc-6_t60 A:438-Scr-Fo-4_t60 A:437-Scr-Lc-2_t60 A:439-Scr-Fo-13_t60 A:434-Scr-Rc-14_t60 A:434-Scr-Rc-15_t60 A:438-Scr-Fo-17_t60 A:282-Ext-clMoW-1_t08 A:282-Ext-clMoW-2_t08 A:301-Scr-Ch-4_t08 A:265-Ext-RcB-2_t08 A:280-Ext-crMoW-2_t08 A:265-Ext-RcB-1_t08 A:295-Scr-crBa-4_t08 A:294-Scr-clBa-2_t08 A:293-Scr-trBa-3_t08 A:294-Scr-clBa-1_t08 A:007-Ext-bcFoBs-3_t00 A:044-Ext-trFoB-4_t00 A:044-Ext-trFoB-3_t00 A:040-Ext-trRcBt-4_t00 A:039-Ext-bcNoBl-4_t00 A:039-Ext-bcNoBl-3_t00 A:039-Ext-bcNoBl-1_t00 A:038-Ext-ccNoB-2_t00 A:038-Ext-ccNoB-1_t00 A:037-Ext-ccNoBs-3_t00 A:037-Ext-ccNoBs-2_t00 A:034-Ext-crNoBs-5_t00 A:034-Ext-crNoBs-16_t00 A:034-Ext-crNoBs-11_t00 A:033-Ext-crNoBs-8_t00 A:033-Ext-crNoBs-7_t00 A:033-Ext-crNoBs-6_t00 A:033-Ext-crNoBs-3_t00 A:033-Ext-crNoBs-2_t00 A:033-Ext-crNoBs-17_t00 A:033-Ext-crNoBs-13_t00 A:033-Ext-crNoBs-12_t00 A:029-Ext-tlNoBs-3_t00 A:027-Ext-tlLcWr-5_t00 A:027-Ext-tlLcWr-4_t00 A:027-Ext-tlLcWr-2_t00 A:027-Ext-tlLcWr-1_t00 A:014-Ext-blRcB-4_t00 A:014-Ext-blRcB-3_t00 A:014-Ext-blRcB-2_t00 A:014-Ext-blRcB-1_t00 A:013-Ext-blRcB-4_t00 A:013-Ext-blRcB-3_t00 A:013-Ext-blRcB-2_t00 A:013-Ext-blRcB-1_t00 A:412-Scr-Lc-2_t35 A:413-Scr-Rc-4_t35 A:413-Scr-Rc-5_t35 A:414-Scr-Ch-1_t35 A:413-Scr-Rc-9_t35 A:413-Scr-Rc-10_t35 A:413-Scr-Rc-12_t35 A:016-Ext-trRcBl-1_t00 A:016-Ext-trRcBl-3_t00 A:434-Scr-Rc-1_t60 A:434-Scr-Rc-3_t60 A:434-Scr-Rc-6_t60 A:438-Scr-Fo-4_t60 A:437-Scr-Lc-2_t60 A:439-Scr-Fo-13_t60 A:434-Scr-Rc-14_t60 A:434-Scr-Rc-15_t60 A:438-Scr-Fo-17_t60 A:378-Scr-Ch-4_t11 A:376-Scr-crNo-6_t11 A:378-Scr-Ch-3_t11 A:376-Scr-crNo-5_t11 A:378-Scr-Ch-1_t11 A:377-Scr-clNo-4_t11 A:377-Scr-clNo-3_t11 A:377-Scr-clNo-2_t11 A:375-Scr-Lc-2_t11 A:299-Scr-crBa-1_t08 A:272-Ext-tlChW-2_t08 A:272-Ext-tlChW-1_t08 A:279-Ext-brFoW-1_t08 A:279-Ext-brFoW-2_t08 A:276-Ext-tlLcW-1_t08 A:275-Ext-tcFoB-1_t08 A:023-Ext-tcChBp-3_t00 A:024-Ext-bcChBs-1_t00 A:024-Ext-bcChBs-2_t00 A:024-Ext-bcChBs-3_t00 A:020-Ext-crChB-4_t00 A:020-Ext-crChB-1_t00 A:020-Ext-crChB-2_t00 A:032-Ext-trNoBb-4_t00 A:032-Ext-trNoBb-3_t00 A:032-Ext-trNoBb-2_t00 A:032-Ext-trNoBb-1_t00 A:413-Scr-Rc-1_t35 A:412-Scr-Lc-3_t35 A:413-Scr-Rc-6_t35 A:415-Scr-trBa-1_t35 A:440-Scr-Ch-1_t60 A:435-Scr-Rc-7_t60 A:435-Scr-Rc-10_t60 A:435-Scr-Rc-12_t60 A:437-Scr-Lc-1_t60 A:437-Scr-Lc-3_t60 A:437-Scr-Lc-4_t60 A:437-Scr-Lc-7_t60 A:437-Scr-Lc-10_t60 A:437-Scr-Lc-11_t60 A:439-Scr-Fo-9_t60 A:441-Scr-Ch-10_t60 A:282-Ext-clMoW-2_t08 A:222-Stp-No62-2_t08 A:280-Ext-crMoW-2_t08 A:265-Ext-RcB-1_t08 A:295-Scr-crBa-4_t08 A:294-Scr-clBa-1_t08 A:007-Ext-bcFoBs-3_t00 A:044-Ext-trFoB-4_t00 A:044-Ext-trFoB-3_t00 A:040-Ext-trRcBt-4_t00 A:039-Ext-bcNoBl-4_t00 A:039-Ext-bcNoBl-3_t00 A:039-Ext-bcNoBl-1_t00 A:038-Ext-ccNoB-2_t00 A:038-Ext-ccNoB-1_t00 A:037-Ext-ccNoBs-3_t00 A:037-Ext-ccNoBs-2_t00 A:037-Ext-ccNoBs-1_t00 A:034-Ext-crNoBs-5_t00 A:034-Ext-crNoBs-16_t00 A:034-Ext-crNoBs-11_t00 A:033-Ext-crNoBs-8_t00 A:033-Ext-crNoBs-7_t00 A:033-Ext-crNoBs-6_t00 A:033-Ext-crNoBs-3_t00 A:033-Ext-crNoBs-2_t00 A:033-Ext-crNoBs-17_t00 A:033-Ext-crNoBs-13_t00 A:033-Ext-crNoBs-12_t00 A:029-Ext-tlNoBs-3_t00 A:027-Ext-tlLcWr-5_t00 A:027-Ext-tlLcWr-4_t00 A:027-Ext-tlLcWr-2_t00 A:027-Ext-tlLcWr-1_t00 A:014-Ext-blRcB-4_t00 A:014-Ext-blRcB-3_t00 A:014-Ext-blRcB-2_t00 A:014-Ext-blRcB-1_t00 A:013-Ext-blRcB-4_t00 A:013-Ext-blRcB-3_t00 A:013-Ext-blRcB-2_t00 A:013-Ext-blRcB-1_t00 A:412-Scr-Lc-2_t35 A:413-Scr-Rc-4_t35 A:413-Scr-Rc-5_t35 A:414-Scr-Ch-1_t35 A:413-Scr-Rc-9_t35 A:413-Scr-Rc-10_t35 A:413-Scr-Rc-12_t35 A:016-Ext-trRcBl-1_t00 A:016-Ext-trRcBl-3_t00 A:434-Scr-Rc-1_t60 A:434-Scr-Rc-3_t60 A:434-Scr-Rc-6_t60 A:438-Scr-Fo-4_t60 A:437-Scr-Lc-2_t60 A:439-Scr-Fo-13_t60 A:434-Scr-Rc-14_t60 A:434-Scr-Rc-15_t60 A:438-Scr-Fo-17_t60 A:378-Scr-Ch-4_t11 A:376-Scr-crNo-6_t11 A:378-Scr-Ch-3_t11 A:376-Scr-crNo-5_t11 A:378-Scr-Ch-1_t11 A:377-Scr-clNo-4_t11 A:377-Scr-clNo-3_t11 A:377-Scr-clNo-2_t11 A:375-Scr-Lc-2_t11 A:299-Scr-crBa-1_t08 A:272-Ext-tlChW-2_t08 A:272-Ext-tlChW-1_t08 A:279-Ext-brFoW-1_t08 A:279-Ext-brFoW-2_t08 A:276-Ext-tlLcW-1_t08 A:275-Ext-tcFoB-1_t08 A:023-Ext-tcChBp-3_t00 A:024-Ext-bcChBs-1_t00 A:024-Ext-bcChBs-2_t00 A:024-Ext-bcChBs-3_t00 A:020-Ext-crChB-4_t00 A:020-Ext-crChB-1_t00 A:020-Ext-crChB-2_t00 A:032-Ext-trNoBb-4_t00 A:032-Ext-trNoBb-3_t00 A:032-Ext-trNoBb-2_t00 A:032-Ext-trNoBb-1_t00 A:413-Scr-Rc-1_t35 A:412-Scr-Lc-3_t35 A:413-Scr-Rc-6_t35 A:415-Scr-trBa-1_t35 A:440-Scr-Ch-1_t60 A:435-Scr-Rc-7_t60 A:435-Scr-Rc-12_t60 A:437-Scr-Lc-1_t60 A:437-Scr-Lc-3_t60 A:437-Scr-Lc-4_t60 A:437-Scr-Lc-7_t60 A:437-Scr-Lc-10_t60 A:437-Scr-Lc-11_t60 A:439-Scr-Fo-9_t60 A:441-Scr-Ch-10_t60, subj-1_scrape-301_col-1 subj-1_pore-265_col-1 subj-1_pore-280_col-2 subj-1_pore-265_col-2 subj-1_scrape-295_col-1 subj-1_scrape-294_col-1 subj-1_scrape-293_col-1 subj-1_scrape-294_col-2 subj-1_multipore-7_col-1 subj-1_pore-44_col-2 subj-1_pore-44_col-3 subj-1_pore-40_col-1 subj-1_pore-39_col-1 subj-1_pore-39_col-2 subj-1_pore-39_col-3 subj-1_pore-38_col-1 subj-1_pore-38_col-2 subj-1_pore-37_col-1 subj-1_pore-37_col-2 subj-1_pore-37_col-3 subj-1_multipore-34_col-3 subj-1_multipore-34_col-9 subj-1_multipore-34_col-13 subj-1_multipore-33_col-2 subj-1_multipore-33_col-3 subj-1_multipore-33_col-4 subj-1_multipore-33_col-6 subj-1_multipore-33_col-7 subj-1_multipore-33_col-9 subj-1_multipore-33_col-10 subj-1_multipore-33_col-11 subj-1_multipore-29_col-1 subj-1_pore-27_col-1 subj-1_pore-27_col-2 subj-1_pore-27_col-3 subj-1_pore-27_col-4 subj-1_pore-14_col-1 subj-1_pore-14_col-2 subj-1_pore-14_col-3 subj-1_pore-14_col-4 subj-1_pore-13_col-1 subj-1_pore-13_col-2 subj-1_pore-13_col-3 subj-1_pore-13_col-4 subj-1_scrape-412_col-2 subj-1_scrape-413_col-3 subj-1_scrape-413_col-4 subj-1_scrape-414_col-1 subj-1_scrape-413_col-8 subj-1_scrape-413_col-9 subj-1_scrape-413_col-11 subj-1_pore-16_col-1 subj-1_pore-16_col-2 subj-1_scrape-434_col-1 subj-1_scrape-434_col-3 subj-1_scrape-434_col-6 subj-1_scrape-438_col-3 subj-1_scrape-437_col-2 subj-1_scrape-439_col-5 subj-1_scrape-434_col-8 subj-1_scrape-434_col-9 subj-1_scrape-438_col-7 subj-1_pore-282_col-1 subj-1_pore-282_col-2 subj-1_scrape-301_col-1 subj-1_pore-265_col-1 subj-1_pore-280_col-2 subj-1_pore-265_col-2 subj-1_scrape-295_col-1 subj-1_scrape-294_col-1 subj-1_scrape-293_col-1 subj-1_scrape-294_col-2 subj-1_multipore-7_col-1 subj-1_pore-44_col-2 subj-1_pore-44_col-3 subj-1_pore-40_col-1 subj-1_pore-39_col-1 subj-1_pore-39_col-2 subj-1_pore-39_col-3 subj-1_pore-38_col-1 subj-1_pore-38_col-2 subj-1_pore-37_col-1 subj-1_pore-37_col-2 subj-1_multipore-34_col-3 subj-1_multipore-34_col-9 subj-1_multipore-34_col-13 subj-1_multipore-33_col-2 subj-1_multipore-33_col-3 subj-1_multipore-33_col-4 subj-1_multipore-33_col-6 subj-1_multipore-33_col-7 subj-1_multipore-33_col-9 subj-1_multipore-33_col-10 subj-1_multipore-33_col-11 subj-1_multipore-29_col-1 subj-1_pore-27_col-1 subj-1_pore-27_col-2 subj-1_pore-27_col-3 subj-1_pore-27_col-4 subj-1_pore-14_col-1 subj-1_pore-14_col-2 subj-1_pore-14_col-3 subj-1_pore-14_col-4 subj-1_pore-13_col-1 subj-1_pore-13_col-2 subj-1_pore-13_col-3 subj-1_pore-13_col-4 subj-1_scrape-412_col-2 subj-1_scrape-413_col-3 subj-1_scrape-413_col-4 subj-1_scrape-414_col-1 subj-1_scrape-413_col-8 subj-1_scrape-413_col-9 subj-1_scrape-413_col-11 subj-1_pore-16_col-1 subj-1_pore-16_col-2 subj-1_scrape-434_col-1 subj-1_scrape-434_col-3 subj-1_scrape-434_col-6 subj-1_scrape-438_col-3 subj-1_scrape-437_col-2 subj-1_scrape-439_col-5 subj-1_scrape-434_col-8 subj-1_scrape-434_col-9 subj-1_scrape-438_col-7 subj-1_scrape-378_col-1 subj-1_scrape-376_col-1 subj-1_scrape-378_col-2 subj-1_scrape-376_col-2 subj-1_scrape-378_col-3 subj-1_scrape-377_col-2 subj-1_scrape-377_col-3 subj-1_scrape-377_col-4 subj-1_scrape-375_col-4 subj-1_scrape-299_col-2 subj-1_pore-272_col-3 subj-1_pore-272_col-4 subj-1_pore-279_col-1 subj-1_pore-279_col-2 subj-1_pore-276_col-2 subj-1_pore-275_col-1 subj-1_pore-23_col-1 subj-1_multipore-24_col-1 subj-1_multipore-24_col-2 subj-1_multipore-24_col-3 subj-1_pore-20_col-1 subj-1_pore-20_col-2 subj-1_pore-20_col-3 subj-1_pore-32_col-1 subj-1_pore-32_col-2 subj-1_pore-32_col-3 subj-1_pore-32_col-4 subj-1_scrape-413_col-1 subj-1_scrape-412_col-3 subj-1_scrape-413_col-5 subj-1_scrape-415_col-1 subj-1_scrape-440_col-1 subj-1_scrape-435_col-1 subj-1_scrape-435_col-4 subj-1_scrape-435_col-6 subj-1_scrape-437_col-1 subj-1_scrape-437_col-3 subj-1_scrape-437_col-4 subj-1_scrape-437_col-6 subj-1_scrape-437_col-7 subj-1_scrape-437_col-8 subj-1_scrape-439_col-3 subj-1_scrape-441_col-3 subj-1_pore-282_col-2 subj-1_pore-222_col-1 subj-1_pore-280_col-2 subj-1_pore-265_col-2 subj-1_scrape-295_col-1 subj-1_scrape-294_col-2 subj-1_multipore-7_col-1 subj-1_pore-44_col-2 subj-1_pore-44_col-3 subj-1_pore-40_col-1 subj-1_pore-39_col-1 subj-1_pore-39_col-2 subj-1_pore-39_col-3 subj-1_pore-38_col-1 subj-1_pore-38_col-2 subj-1_pore-37_col-1 subj-1_pore-37_col-2 subj-1_pore-37_col-3 subj-1_multipore-34_col-3 subj-1_multipore-34_col-9 subj-1_multipore-34_col-13 subj-1_multipore-33_col-2 subj-1_multipore-33_col-3 subj-1_multipore-33_col-4 subj-1_multipore-33_col-6 subj-1_multipore-33_col-7 subj-1_multipore-33_col-9 subj-1_multipore-33_col-10 subj-1_multipore-33_col-11 subj-1_multipore-29_col-1 subj-1_pore-27_col-1 subj-1_pore-27_col-2 subj-1_pore-27_col-3 subj-1_pore-27_col-4 subj-1_pore-14_col-1 subj-1_pore-14_col-2 subj-1_pore-14_col-3 subj-1_pore-14_col-4 subj-1_pore-13_col-1 subj-1_pore-13_col-2 subj-1_pore-13_col-3 subj-1_pore-13_col-4 subj-1_scrape-412_col-2 subj-1_scrape-413_col-3 subj-1_scrape-413_col-4 subj-1_scrape-414_col-1 subj-1_scrape-413_col-8 subj-1_scrape-413_col-9 subj-1_scrape-413_col-11 subj-1_pore-16_col-1 subj-1_pore-16_col-2 subj-1_scrape-434_col-1 subj-1_scrape-434_col-3 subj-1_scrape-434_col-6 subj-1_scrape-438_col-3 subj-1_scrape-437_col-2 subj-1_scrape-439_col-5 subj-1_scrape-434_col-8 subj-1_scrape-434_col-9 subj-1_scrape-438_col-7 subj-1_scrape-378_col-1 subj-1_scrape-376_col-1 subj-1_scrape-378_col-2 subj-1_scrape-376_col-2 subj-1_scrape-378_col-3 subj-1_scrape-377_col-2 subj-1_scrape-377_col-3 subj-1_scrape-377_col-4 subj-1_scrape-375_col-4 subj-1_scrape-299_col-2 subj-1_pore-272_col-3 subj-1_pore-272_col-4 subj-1_pore-279_col-1 subj-1_pore-279_col-2 subj-1_pore-276_col-2 subj-1_pore-275_col-1 subj-1_pore-23_col-1 subj-1_multipore-24_col-1 subj-1_multipore-24_col-2 subj-1_multipore-24_col-3 subj-1_pore-20_col-1 subj-1_pore-20_col-2 subj-1_pore-20_col-3 subj-1_pore-32_col-1 subj-1_pore-32_col-2 subj-1_pore-32_col-3 subj-1_pore-32_col-4 subj-1_scrape-413_col-1 subj-1_scrape-412_col-3 subj-1_scrape-413_col-5 subj-1_scrape-415_col-1 subj-1_scrape-440_col-1 subj-1_scrape-435_col-1 subj-1_scrape-435_col-6 subj-1_scrape-437_col-1 subj-1_scrape-437_col-3 subj-1_scrape-437_col-4 subj-1_scrape-437_col-6 subj-1_scrape-437_col-7 subj-1_scrape-437_col-8 subj-1_scrape-439_col-3 subj-1_scrape-441_col-3,
44, 1806815 1806816,2,Lineage_9b, N:366-Scr-Rc-2_t11 N:366-Scr-Rc-2_t11, subj-9_scrape-366_col-3 subj-9_scrape-366_col-3,
45, 1912762 1912765,2,Lineage_3e, F:190-Scr-crSh-1_t07 F:190-Scr-crSh-1_t07, subj-3_scrape-190_col-2 subj-3_scrape-190_col-2,
46, 1926084 1926089,2,Lineage_2c, B:303-Scr-Rc-4_t11 B:303-Scr-Rc-4_t11, subj-2_scrape-303_col-2 subj-2_scrape-303_col-2,
47, 1956983 1956986,2,Lineage_10a, O:383-Scr-Lc-1_t11 O:383-Scr-Lc-1_t11, subj-10_scrape-383_col-6 subj-10_scrape-383_col-6,
48, 2012632 2012633,2,Lineage_2b, B:308-Scr-clNo-4_t11 B:308-Scr-clNo-4_t11, subj-2_scrape-308_col-5 subj-2_scrape-308_col-5,
49, 2023653 2023654,2,Lineage_2b, B:083-Ext-crNoBs-2_t00 B:083-Ext-crNoBs-2_t00, subj-2_multipore-83_col-3 subj-2_multipore-83_col-3,
50, 2038896 2038897,2,Lineage_2b, B:308-Scr-clNo-4_t11 B:308-Scr-clNo-4_t11, subj-2_scrape-308_col-5 subj-2_scrape-308_col-5,
51, 2064830 2064833,2,Lineage_2c, B:303-Scr-Rc-4_t11 B:303-Scr-Rc-4_t11, subj-2_scrape-303_col-2 subj-2_scrape-303_col-2,
52, 2073477 2073710,2,Lineage_1a, A:442-Scr-trBa-5_t60 A:442-Scr-trBa-5_t60, subj-1_scrape-442_col-5 subj-1_scrape-442_col-5,
53, 2093929 2093930,2,Lineage_2c, B:091-Ext-blNoBs-3_t00 B:091-Ext-blNoBs-2_t00 B:082-Ext-clNoBs-2_t00 B:080-Ext-RcBs-3_t00 B:080-Ext-RcBs-1_t00 B:072-Scr-Rc-4_t00 B:072-Scr-Rc-3_t00 B:071-Scr-Lc-3_t00 B:071-Scr-Lc-2_t00 B:303-Scr-Rc-4_t11, subj-2_multipore-91_col-1 subj-2_multipore-91_col-2 subj-2_multipore-82_col-3 subj-2_multipore-80_col-1 subj-2_multipore-80_col-3 subj-2_scrape-72_col-1 subj-2_scrape-72_col-2 subj-2_scrape-71_col-2 subj-2_scrape-71_col-3 subj-2_scrape-303_col-2,
54, 2279306 2279390,2,Lineage_12c, M:353-Scr-clNo-5_t11 M:353-Scr-clNo-5_t11, subj-12_scrape-353_col-2 subj-12_scrape-353_col-2,
55, 2434420 2434770,2,Lineage_5c, Q:395-Ext-trBaB-8_t15 Q:395-Ext-trBaB-7_t15 Q:395-Ext-trBaB-5_t15 Q:395-Ext-trBaB-4_t15 Q:395-Ext-trBaB-8_t15 Q:395-Ext-trBaB-7_t15 Q:395-Ext-trBaB-5_t15 Q:395-Ext-trBaB-4_t15, subj-5_pore-395_col-1 subj-5_pore-395_col-2 subj-5_pore-395_col-3 subj-5_pore-395_col-4 subj-5_pore-395_col-1 subj-5_pore-395_col-2 subj-5_pore-395_col-3 subj-5_pore-395_col-4,
56, 2466130 2466132,2,Lineage_2f, B:308-Scr-clNo-3_t11 B:308-Scr-clNo-3_t11, subj-2_scrape-308_col-4 subj-2_scrape-308_col-4,
57, 2486880 2486881,2,Lineage_14b, D:058-Scr-Fo-3_t00 D:058-Scr-Fo-3_t00, subj-14_scrape-58_col-3 subj-14_scrape-58_col-3,
