Path, Sample, ReferenceGenome, ProviderName, Subject
/not/used,A:377-Scr-clNo-1_t11,A_440-Scr-Ch-3_scaffold-3-4,XXXXXXXX,1
/not/used,A:375-Scr-Lc-4_t11,A_440-Scr-Ch-3_scaffold-3-4,XXXXXXXX,1
/not/used,A:375-Scr-Lc-3_t11,A_440-Scr-Ch-3_scaffold-3-4,XXXXXXXX,1
/not/used,A:373-Scr-Fo-1_t11,A_440-Scr-Ch-3_scaffold-3-4,XXXXXXXX,1
/not/used,A:375-Scr-Lc-1_t11,A_440-Scr-Ch-3_scaffold-3-4,XXXXXXXX,1
/not/used,A:373-Scr-Fo-3_t11,A_440-Scr-Ch-3_scaffold-3-4,XXXXXXXX,1
/not/used,A:373-Scr-Fo-2_t11,A_440-Scr-Ch-3_scaffold-3-4,XXXXXXXX,1
/not/used,A:214-Stp-No62-2_t08,A_440-Scr-Ch-3_scaffold-3-4,XXXXXXXX,1
/not/used,A:205-Stp-Rc59-2_t08,A_440-Scr-Ch-3_scaffold-3-4,XXXXXXXX,1
/not/used,A:197-Stp-Rc57-2_t08,A_440-Scr-Ch-3_scaffold-3-4,XXXXXXXX,1
/not/used,A:236-Stp-Rc69-2_t08,A_440-Scr-Ch-3_scaffold-3-4,XXXXXXXX,1
/not/used,A:214-Stp-No62-1_t08,A_440-Scr-Ch-3_scaffold-3-4,XXXXXXXX,1
/not/used,A:205-Stp-Rc59-1_t08,A_440-Scr-Ch-3_scaffold-3-4,XXXXXXXX,1
/not/used,A:197-Stp-Rc57-1_t08,A_440-Scr-Ch-3_scaffold-3-4,XXXXXXXX,1
/not/used,A:236-Stp-Rc69-1_t08,A_440-Scr-Ch-3_scaffold-3-4,XXXXXXXX,1
/not/used,A:239-Stp-Rc69-2_t08,A_440-Scr-Ch-3_scaffold-3-4,XXXXXXXX,1
/not/used,A:199-Stp-Rc58-2_t08,A_440-Scr-Ch-3_scaffold-3-4,XXXXXXXX,1
/not/used,A:210-Stp-Rc60-2_t08,A_440-Scr-Ch-3_scaffold-3-4,XXXXXXXX,1
/not/used,A:199-Stp-Rc58-1_t08,A_440-Scr-Ch-3_scaffold-3-4,XXXXXXXX,1
/not/used,A:210-Stp-Rc60-1_t08,A_440-Scr-Ch-3_scaffold-3-4,XXXXXXXX,1
/not/used,A:216-Stp-No62-2_t08,A_440-Scr-Ch-3_scaffold-3-4,XXXXXXXX,1
/not/used,A:245-Stp-Rc70-2_t08,A_440-Scr-Ch-3_scaffold-3-4,XXXXXXXX,1
/not/used,A:196-Stp-Rc57-4_t08,A_440-Scr-Ch-3_scaffold-3-4,XXXXXXXX,1
/not/used,A:195-Stp-No66-1_t08,A_440-Scr-Ch-3_scaffold-3-4,XXXXXXXX,1
/not/used,A:216-Stp-No62-1_t08,A_440-Scr-Ch-3_scaffold-3-4,XXXXXXXX,1
/not/used,A:245-Stp-Rc70-1_t08,A_440-Scr-Ch-3_scaffold-3-4,XXXXXXXX,1
/not/used,A:196-Stp-Rc57-3_t08,A_440-Scr-Ch-3_scaffold-3-4,XXXXXXXX,1
/not/used,A:206-Stp-Rc59-1_t08,A_440-Scr-Ch-3_scaffold-3-4,XXXXXXXX,1
/not/used,A:211-Stp-Rc60-1_t08,A_440-Scr-Ch-3_scaffold-3-4,XXXXXXXX,1
/not/used,A:196-Stp-Rc57-2_t08,A_440-Scr-Ch-3_scaffold-3-4,XXXXXXXX,1
/not/used,A:201-Stp-Rc58-2_t08,A_440-Scr-Ch-3_scaffold-3-4,XXXXXXXX,1
/not/used,A:253-Stp-Lc78-2_t08,A_440-Scr-Ch-3_scaffold-3-4,XXXXXXXX,1
/not/used,A:209-Stp-Rc60-2_t08,A_440-Scr-Ch-3_scaffold-3-4,XXXXXXXX,1
/not/used,A:207-Stp-Rc60-1_t08,A_440-Scr-Ch-3_scaffold-3-4,XXXXXXXX,1
/not/used,A:196-Stp-Rc57-1_t08,A_440-Scr-Ch-3_scaffold-3-4,XXXXXXXX,1
/not/used,A:201-Stp-Rc58-1_t08,A_440-Scr-Ch-3_scaffold-3-4,XXXXXXXX,1
/not/used,A:253-Stp-Lc78-1_t08,A_440-Scr-Ch-3_scaffold-3-4,XXXXXXXX,1
/not/used,A:215-Stp-No62-1_t08,A_440-Scr-Ch-3_scaffold-3-4,XXXXXXXX,1
/not/used,A:217-Stp-No63-1_t08,A_440-Scr-Ch-3_scaffold-3-4,XXXXXXXX,1
/not/used,A:211-Stp-Rc60-2_t08,A_440-Scr-Ch-3_scaffold-3-4,XXXXXXXX,1
/not/used,A:207-Stp-Rc60-2_t08,A_440-Scr-Ch-3_scaffold-3-4,XXXXXXXX,1
/not/used,A:264-Stp-Lc86-4_t08,A_440-Scr-Ch-3_scaffold-3-4,XXXXXXXX,1
/not/used,A:249-Stp-Fo74-3_t08,A_440-Scr-Ch-3_scaffold-3-4,XXXXXXXX,1
/not/used,A:248-Stp-Fo76-3_t08,A_440-Scr-Ch-3_scaffold-3-4,XXXXXXXX,1
/not/used,A:242-Stp-Rc70-2_t08,A_440-Scr-Ch-3_scaffold-3-4,XXXXXXXX,1
/not/used,A:272-Ext-tlChW-4_t08,A_440-Scr-Ch-3_scaffold-3-4,XXXXXXXX,1
/not/used,A:235-Stp-Rc72-1_t08,A_440-Scr-Ch-3_scaffold-3-4,XXXXXXXX,1
/not/used,A:272-Ext-tlChW-3_t08,A_440-Scr-Ch-3_scaffold-3-4,XXXXXXXX,1
/not/used,A:241-Stp-Rc73-2_t08,A_440-Scr-Ch-3_scaffold-3-4,XXXXXXXX,1
/not/used,A:300-Scr-crBa-4_t08,A_440-Scr-Ch-3_scaffold-3-4,XXXXXXXX,1
/not/used,A:268-Ext-blFoW-2_t08,A_440-Scr-Ch-3_scaffold-3-4,XXXXXXXX,1
/not/used,A:266-Ext-crChW-1_t08,A_440-Scr-Ch-3_scaffold-3-4,XXXXXXXX,1
/not/used,A:240-Stp-Rc73-2_t08,A_440-Scr-Ch-3_scaffold-3-4,XXXXXXXX,1
/not/used,A:241-Stp-Rc73-1_t08,A_440-Scr-Ch-3_scaffold-3-4,XXXXXXXX,1
/not/used,A:300-Scr-crBa-3_t08,A_440-Scr-Ch-3_scaffold-3-4,XXXXXXXX,1
/not/used,A:268-Ext-blFoW-1_t08,A_440-Scr-Ch-3_scaffold-3-4,XXXXXXXX,1
/not/used,A:220-Stp-No63-1_t08,A_440-Scr-Ch-3_scaffold-3-4,XXXXXXXX,1
/not/used,A:231-Stp-No62-2_t08,A_440-Scr-Ch-3_scaffold-3-4,XXXXXXXX,1
/not/used,A:221-Stp-No63-2_t08,A_440-Scr-Ch-3_scaffold-3-4,XXXXXXXX,1
/not/used,A:226-Stp-No65-4_t08,A_440-Scr-Ch-3_scaffold-3-4,XXXXXXXX,1
/not/used,A:223-Stp-No65-2_t08,A_440-Scr-Ch-3_scaffold-3-4,XXXXXXXX,1
/not/used,A:231-Stp-No62-1_t08,A_440-Scr-Ch-3_scaffold-3-4,XXXXXXXX,1
/not/used,A:300-Scr-crBa-1_t08,A_440-Scr-Ch-3_scaffold-3-4,XXXXXXXX,1
/not/used,A:221-Stp-No63-1_t08,A_440-Scr-Ch-3_scaffold-3-4,XXXXXXXX,1
/not/used,A:226-Stp-No65-3_t08,A_440-Scr-Ch-3_scaffold-3-4,XXXXXXXX,1
/not/used,A:223-Stp-No65-1_t08,A_440-Scr-Ch-3_scaffold-3-4,XXXXXXXX,1
/not/used,A:301-Scr-Ch-3_t08,A_440-Scr-Ch-3_scaffold-3-4,XXXXXXXX,1
/not/used,A:218-Stp-No63-1_t08,A_440-Scr-Ch-3_scaffold-3-4,XXXXXXXX,1
/not/used,A:266-Ext-crChW-2_t08,A_440-Scr-Ch-3_scaffold-3-4,XXXXXXXX,1
/not/used,A:220-Stp-No63-2_t08,A_440-Scr-Ch-3_scaffold-3-4,XXXXXXXX,1
/not/used,A:251-Stp-Lc79-1_t08,A_440-Scr-Ch-3_scaffold-3-4,XXXXXXXX,1
/not/used,A:296-Scr-trBa-1_t08,A_440-Scr-Ch-3_scaffold-3-4,XXXXXXXX,1
/not/used,A:289-Scr-Rch-4_t08,A_440-Scr-Ch-3_scaffold-3-4,XXXXXXXX,1
/not/used,A:229-Stp-No67-2_t08,A_440-Scr-Ch-3_scaffold-3-4,XXXXXXXX,1
/not/used,A:295-Scr-crBa-3_t08,A_440-Scr-Ch-3_scaffold-3-4,XXXXXXXX,1
/not/used,A:289-Scr-Rch-3_t08,A_440-Scr-Ch-3_scaffold-3-4,XXXXXXXX,1
/not/used,A:229-Stp-No67-1_t08,A_440-Scr-Ch-3_scaffold-3-4,XXXXXXXX,1
/not/used,A:283-Ext-tcMoWs-2_t08,A_440-Scr-Ch-3_scaffold-3-4,XXXXXXXX,1
/not/used,A:295-Scr-crBa-2_t08,A_440-Scr-Ch-3_scaffold-3-4,XXXXXXXX,1
/not/used,A:289-Scr-Rch-2_t08,A_440-Scr-Ch-3_scaffold-3-4,XXXXXXXX,1
/not/used,A:274-Ext-crFoB-2_t08,A_440-Scr-Ch-3_scaffold-3-4,XXXXXXXX,1
/not/used,A:283-Ext-tcMoWs-1_t08,A_440-Scr-Ch-3_scaffold-3-4,XXXXXXXX,1
/not/used,A:295-Scr-crBa-1_t08,A_440-Scr-Ch-3_scaffold-3-4,XXXXXXXX,1
/not/used,A:290-Scr-clCh-4_t08,A_440-Scr-Ch-3_scaffold-3-4,XXXXXXXX,1
/not/used,A:254-Stp-Lc79-2_t08,A_440-Scr-Ch-3_scaffold-3-4,XXXXXXXX,1
/not/used,A:290-Scr-clCh-3_t08,A_440-Scr-Ch-3_scaffold-3-4,XXXXXXXX,1
/not/used,A:254-Stp-Lc79-1_t08,A_440-Scr-Ch-3_scaffold-3-4,XXXXXXXX,1
/not/used,A:048-Scr-Rc-2_t00,A_440-Scr-Ch-3_scaffold-3-4,XXXXXXXX,1
/not/used,A:009-Ext-trFoBs-4_t00,A_440-Scr-Ch-3_scaffold-3-4,XXXXXXXX,1
/not/used,A:009-Ext-trFoBs-3_t00,A_440-Scr-Ch-3_scaffold-3-4,XXXXXXXX,1
/not/used,A:009-Ext-trFoBs-2_t00,A_440-Scr-Ch-3_scaffold-3-4,XXXXXXXX,1
/not/used,A:009-Ext-trFoBs-1_t00,A_440-Scr-Ch-3_scaffold-3-4,XXXXXXXX,1
/not/used,A:007-Ext-bcFoBs-2_t00,A_440-Scr-Ch-3_scaffold-3-4,XXXXXXXX,1
/not/used,A:007-Ext-bcFoBs-1_t00,A_440-Scr-Ch-3_scaffold-3-4,XXXXXXXX,1
/not/used,A:004-Ext-clFoW-1_t00,A_440-Scr-Ch-3_scaffold-3-4,XXXXXXXX,1
/not/used,A:004-Ext-clFoW-2_t00,A_440-Scr-Ch-3_scaffold-3-4,XXXXXXXX,1
/not/used,A:004-Ext-clFoW-3_t00,A_440-Scr-Ch-3_scaffold-3-4,XXXXXXXX,1
/not/used,A:004-Ext-clFoW-4_t00,A_440-Scr-Ch-3_scaffold-3-4,XXXXXXXX,1
/not/used,A:046-Scr-Fo-1_t00,A_440-Scr-Ch-3_scaffold-3-4,XXXXXXXX,1
/not/used,A:046-Scr-Fo-2_t00,A_440-Scr-Ch-3_scaffold-3-4,XXXXXXXX,1
/not/used,A:047-Scr-Lc-2_t00,A_440-Scr-Ch-3_scaffold-3-4,XXXXXXXX,1
/not/used,A:005-Ext-brFoBr-9_t00,A_440-Scr-Ch-3_scaffold-3-4,XXXXXXXX,1
/not/used,A:005-Ext-brFoBr-8_t00,A_440-Scr-Ch-3_scaffold-3-4,XXXXXXXX,1
/not/used,A:005-Ext-brFoBr-4_t00,A_440-Scr-Ch-3_scaffold-3-4,XXXXXXXX,1
/not/used,A:005-Ext-brFoBr-3_t00,A_440-Scr-Ch-3_scaffold-3-4,XXXXXXXX,1
/not/used,A:005-Ext-brFoBr-2_t00,A_440-Scr-Ch-3_scaffold-3-4,XXXXXXXX,1
/not/used,A:005-Ext-brFoBr-19_t00,A_440-Scr-Ch-3_scaffold-3-4,XXXXXXXX,1
/not/used,A:005-Ext-brFoBr-18_t00,A_440-Scr-Ch-3_scaffold-3-4,XXXXXXXX,1
/not/used,A:005-Ext-brFoBr-17_t00,A_440-Scr-Ch-3_scaffold-3-4,XXXXXXXX,1
/not/used,A:005-Ext-brFoBr-13_t00,A_440-Scr-Ch-3_scaffold-3-4,XXXXXXXX,1
/not/used,A:005-Ext-brFoBr-12_t00,A_440-Scr-Ch-3_scaffold-3-4,XXXXXXXX,1
/not/used,A:005-Ext-brFoBr-11_t00,A_440-Scr-Ch-3_scaffold-3-4,XXXXXXXX,1
/not/used,A:044-Ext-trFoB-8_t00,A_440-Scr-Ch-3_scaffold-3-4,XXXXXXXX,1
/not/used,A:044-Ext-trFoB-2_t00,A_440-Scr-Ch-3_scaffold-3-4,XXXXXXXX,1
/not/used,A:044-Ext-trFoB-1_t00,A_440-Scr-Ch-3_scaffold-3-4,XXXXXXXX,1
/not/used,A:043-Ext-brChB-4_t00,A_440-Scr-Ch-3_scaffold-3-4,XXXXXXXX,1
/not/used,A:043-Ext-brChB-3_t00,A_440-Scr-Ch-3_scaffold-3-4,XXXXXXXX,1
/not/used,A:043-Ext-brChB-2_t00,A_440-Scr-Ch-3_scaffold-3-4,XXXXXXXX,1
/not/used,A:041-Ext-brChB-8_t00,A_440-Scr-Ch-3_scaffold-3-4,XXXXXXXX,1
/not/used,A:041-Ext-brChB-7_t00,A_440-Scr-Ch-3_scaffold-3-4,XXXXXXXX,1
/not/used,A:041-Ext-brChB-6_t00,A_440-Scr-Ch-3_scaffold-3-4,XXXXXXXX,1
/not/used,A:041-Ext-brChB-4_t00,A_440-Scr-Ch-3_scaffold-3-4,XXXXXXXX,1
/not/used,A:041-Ext-brChB-2_t00,A_440-Scr-Ch-3_scaffold-3-4,XXXXXXXX,1
/not/used,A:041-Ext-brChB-14_t00,A_440-Scr-Ch-3_scaffold-3-4,XXXXXXXX,1
/not/used,A:041-Ext-brChB-12_t00,A_440-Scr-Ch-3_scaffold-3-4,XXXXXXXX,1
/not/used,A:041-Ext-brChB-11_t00,A_440-Scr-Ch-3_scaffold-3-4,XXXXXXXX,1
/not/used,A:041-Ext-brChB-1_t00,A_440-Scr-Ch-3_scaffold-3-4,XXXXXXXX,1
/not/used,A:003-Ext-blFoB-3_t00,A_440-Scr-Ch-3_scaffold-3-4,XXXXXXXX,1
/not/used,A:003-Ext-blFoB-1_t00,A_440-Scr-Ch-3_scaffold-3-4,XXXXXXXX,1
/not/used,A:035-Ext-trMoBs-5_t00,A_440-Scr-Ch-3_scaffold-3-4,XXXXXXXX,1
/not/used,A:035-Ext-trMoBs-4_t00,A_440-Scr-Ch-3_scaffold-3-4,XXXXXXXX,1
/not/used,A:035-Ext-trMoBs-3_t00,A_440-Scr-Ch-3_scaffold-3-4,XXXXXXXX,1
/not/used,A:035-Ext-trMoBs-2_t00,A_440-Scr-Ch-3_scaffold-3-4,XXXXXXXX,1
/not/used,A:035-Ext-trMoBs-1_t00,A_440-Scr-Ch-3_scaffold-3-4,XXXXXXXX,1
/not/used,A:034-Ext-crNoBs-9_t00,A_440-Scr-Ch-3_scaffold-3-4,XXXXXXXX,1
/not/used,A:034-Ext-crNoBs-6_t00,A_440-Scr-Ch-3_scaffold-3-4,XXXXXXXX,1
/not/used,A:034-Ext-crNoBs-3_t00,A_440-Scr-Ch-3_scaffold-3-4,XXXXXXXX,1
/not/used,A:034-Ext-crNoBs-20_t00,A_440-Scr-Ch-3_scaffold-3-4,XXXXXXXX,1
/not/used,A:034-Ext-crNoBs-2_t00,A_440-Scr-Ch-3_scaffold-3-4,XXXXXXXX,1
/not/used,A:034-Ext-crNoBs-19_t00,A_440-Scr-Ch-3_scaffold-3-4,XXXXXXXX,1
/not/used,A:034-Ext-crNoBs-18_t00,A_440-Scr-Ch-3_scaffold-3-4,XXXXXXXX,1
/not/used,A:034-Ext-crNoBs-15_t00,A_440-Scr-Ch-3_scaffold-3-4,XXXXXXXX,1
/not/used,A:034-Ext-crNoBs-14_t00,A_440-Scr-Ch-3_scaffold-3-4,XXXXXXXX,1
/not/used,A:034-Ext-crNoBs-13_t00,A_440-Scr-Ch-3_scaffold-3-4,XXXXXXXX,1
/not/used,A:034-Ext-crNoBs-10_t00,A_440-Scr-Ch-3_scaffold-3-4,XXXXXXXX,1
/not/used,A:034-Ext-crNoBs-1_t00,A_440-Scr-Ch-3_scaffold-3-4,XXXXXXXX,1
/not/used,A:033-Ext-crNoBs-9_t00,A_440-Scr-Ch-3_scaffold-3-4,XXXXXXXX,1
/not/used,A:033-Ext-crNoBs-4_t00,A_440-Scr-Ch-3_scaffold-3-4,XXXXXXXX,1
/not/used,A:033-Ext-crNoBs-18_t00,A_440-Scr-Ch-3_scaffold-3-4,XXXXXXXX,1
/not/used,A:033-Ext-crNoBs-1_t00,A_440-Scr-Ch-3_scaffold-3-4,XXXXXXXX,1
/not/used,A:031-Ext-trNoBs-4_t00,A_440-Scr-Ch-3_scaffold-3-4,XXXXXXXX,1
/not/used,A:031-Ext-trNoBs-3_t00,A_440-Scr-Ch-3_scaffold-3-4,XXXXXXXX,1
/not/used,A:031-Ext-trNoBs-2_t00,A_440-Scr-Ch-3_scaffold-3-4,XXXXXXXX,1
/not/used,A:031-Ext-trNoBs-1_t00,A_440-Scr-Ch-3_scaffold-3-4,XXXXXXXX,1
/not/used,A:030-Ext-tlNoBs-3_t00,A_440-Scr-Ch-3_scaffold-3-4,XXXXXXXX,1
/not/used,A:030-Ext-tlNoBs-2_t00,A_440-Scr-Ch-3_scaffold-3-4,XXXXXXXX,1
/not/used,A:030-Ext-tlNoBs-1_t00,A_440-Scr-Ch-3_scaffold-3-4,XXXXXXXX,1
/not/used,A:002-Ext-blFoB-4_t00,A_440-Scr-Ch-3_scaffold-3-4,XXXXXXXX,1
/not/used,A:029-Ext-tlNoBs-2_t00,A_440-Scr-Ch-3_scaffold-3-4,XXXXXXXX,1
/not/used,A:028-Ext-tlMoWd-4_t00,A_440-Scr-Ch-3_scaffold-3-4,XXXXXXXX,1
/not/used,A:028-Ext-tlMoWd-2_t00,A_440-Scr-Ch-3_scaffold-3-4,XXXXXXXX,1
/not/used,A:028-Ext-tlMoWd-1_t00,A_440-Scr-Ch-3_scaffold-3-4,XXXXXXXX,1
/not/used,A:026-Ext-clMoB-4_t00,A_440-Scr-Ch-3_scaffold-3-4,XXXXXXXX,1
/not/used,A:026-Ext-clMoB-3_t00,A_440-Scr-Ch-3_scaffold-3-4,XXXXXXXX,1
/not/used,A:026-Ext-clMoB-2_t00,A_440-Scr-Ch-3_scaffold-3-4,XXXXXXXX,1
/not/used,A:026-Ext-clMoB-1_t00,A_440-Scr-Ch-3_scaffold-3-4,XXXXXXXX,1
/not/used,A:001-Ext-tcNoW-4_t00,A_440-Scr-Ch-3_scaffold-3-4,XXXXXXXX,1
/not/used,A:019-Ext-trChBy-3_t00,A_440-Scr-Ch-3_scaffold-3-4,XXXXXXXX,1
/not/used,A:019-Ext-trChBy-2_t00,A_440-Scr-Ch-3_scaffold-3-4,XXXXXXXX,1
/not/used,A:017-Ext-crMoB-1_t00,A_440-Scr-Ch-3_scaffold-3-4,XXXXXXXX,1
/not/used,A:015-Ext-bcRcBs-4_t00,A_440-Scr-Ch-3_scaffold-3-4,XXXXXXXX,1
/not/used,A:015-Ext-bcRcBs-2_t00,A_440-Scr-Ch-3_scaffold-3-4,XXXXXXXX,1
/not/used,A:015-Ext-bcRcBs-1_t00,A_440-Scr-Ch-3_scaffold-3-4,XXXXXXXX,1
/not/used,A:011-Ext-ccRcBp-4_t00,A_440-Scr-Ch-3_scaffold-3-4,XXXXXXXX,1
/not/used,A:011-Ext-ccRcBp-3_t00,A_440-Scr-Ch-3_scaffold-3-4,XXXXXXXX,1
/not/used,A:011-Ext-ccRcBp-2_t00,A_440-Scr-Ch-3_scaffold-3-4,XXXXXXXX,1
/not/used,A:011-Ext-ccRcBp-1_t00,A_440-Scr-Ch-3_scaffold-3-4,XXXXXXXX,1
/not/used,A:412-Scr-Lc-1_t35,A_440-Scr-Ch-3_scaffold-3-4,XXXXXXXX,1
/not/used,A:411-Scr-Fo-2_t35,A_440-Scr-Ch-3_scaffold-3-4,XXXXXXXX,1
/not/used,A:413-Scr-Rc-2_t35,A_440-Scr-Ch-3_scaffold-3-4,XXXXXXXX,1
/not/used,A:411-Scr-Fo-6_t35,A_440-Scr-Ch-3_scaffold-3-4,XXXXXXXX,1
/not/used,A:413-Scr-Rc-7_t35,A_440-Scr-Ch-3_scaffold-3-4,XXXXXXXX,1
/not/used,A:413-Scr-Rc-8_t35,A_440-Scr-Ch-3_scaffold-3-4,XXXXXXXX,1
/not/used,A:414-Scr-Ch-4_t35,A_440-Scr-Ch-3_scaffold-3-4,XXXXXXXX,1
/not/used,A:415-Scr-trBa-2_t35,A_440-Scr-Ch-3_scaffold-3-4,XXXXXXXX,1
/not/used,A:413-Scr-Rc-11_t35,A_440-Scr-Ch-3_scaffold-3-4,XXXXXXXX,1
/not/used,A:411-Scr-Fo-12_t35,A_440-Scr-Ch-3_scaffold-3-4,XXXXXXXX,1
/not/used,A:434-Scr-Rc-2_t60,A_440-Scr-Ch-3_scaffold-3-4,XXXXXXXX,1
/not/used,A:434-Scr-Rc-4_t60,A_440-Scr-Ch-3_scaffold-3-4,XXXXXXXX,1
/not/used,A:434-Scr-Rc-5_t60,A_440-Scr-Ch-3_scaffold-3-4,XXXXXXXX,1
/not/used,A:438-Scr-Fo-1_t60,A_440-Scr-Ch-3_scaffold-3-4,XXXXXXXX,1
/not/used,A:438-Scr-Fo-3_t60,A_440-Scr-Ch-3_scaffold-3-4,XXXXXXXX,1
/not/used,A:438-Scr-Fo-5_t60,A_440-Scr-Ch-3_scaffold-3-4,XXXXXXXX,1
/not/used,A:438-Scr-Fo-6_t60,A_440-Scr-Ch-3_scaffold-3-4,XXXXXXXX,1
/not/used,A:442-Scr-trBa-5_t60,A_440-Scr-Ch-3_scaffold-3-4,XXXXXXXX,1
/not/used,A:440-Scr-Ch-2_t60,A_440-Scr-Ch-3_scaffold-3-4,XXXXXXXX,1
/not/used,A:435-Scr-Rc-8_t60,A_440-Scr-Ch-3_scaffold-3-4,XXXXXXXX,1
/not/used,A:444-Scr-tlBa-6_t60,A_440-Scr-Ch-3_scaffold-3-4,XXXXXXXX,1
/not/used,A:435-Scr-Rc-9_t60,A_440-Scr-Ch-3_scaffold-3-4,XXXXXXXX,1
/not/used,A:435-Scr-Rc-11_t60,A_440-Scr-Ch-3_scaffold-3-4,XXXXXXXX,1
/not/used,A:439-Scr-Fo-7_t60,A_440-Scr-Ch-3_scaffold-3-4,XXXXXXXX,1
/not/used,A:439-Scr-Fo-8_t60,A_440-Scr-Ch-3_scaffold-3-4,XXXXXXXX,1
/not/used,A:439-Scr-Fo-11_t60,A_440-Scr-Ch-3_scaffold-3-4,XXXXXXXX,1
/not/used,A:441-Scr-Ch-7_t60,A_440-Scr-Ch-3_scaffold-3-4,XXXXXXXX,1
/not/used,A:441-Scr-Ch-9_t60,A_440-Scr-Ch-3_scaffold-3-4,XXXXXXXX,1
/not/used,A:441-Scr-Ch-12_t60,A_440-Scr-Ch-3_scaffold-3-4,XXXXXXXX,1
/not/used,A:444-Scr-tlBa-10_t60,A_440-Scr-Ch-3_scaffold-3-4,XXXXXXXX,1
/not/used,A:444-Scr-tlBa-11_t60,A_440-Scr-Ch-3_scaffold-3-4,XXXXXXXX,1
/not/used,A:444-Scr-tlBa-12_t60,A_440-Scr-Ch-3_scaffold-3-4,XXXXXXXX,1
/not/used,A:444-Scr-tlBa-15_t60,A_440-Scr-Ch-3_scaffold-3-4,XXXXXXXX,1
/not/used,A:441-Scr-Ch-13_t60,A_440-Scr-Ch-3_scaffold-3-4,XXXXXXXX,1
/not/used,A:441-Scr-Ch-14_t60,A_440-Scr-Ch-3_scaffold-3-4,XXXXXXXX,1
/not/used,A:441-Scr-Ch-15_t60,A_440-Scr-Ch-3_scaffold-3-4,XXXXXXXX,1
/not/used,A:439-Scr-Fo-15_t60,A_440-Scr-Ch-3_scaffold-3-4,XXXXXXXX,1
/not/used,A:434-Scr-Rc-13_t60,A_440-Scr-Ch-3_scaffold-3-4,XXXXXXXX,1
/not/used,A:438-Scr-Fo-16_t60,A_440-Scr-Ch-3_scaffold-3-4,XXXXXXXX,1
/not/used,A:378-Scr-Ch-4_t11,A_440-Scr-Ch-3_scaffold-3-4,XXXXXXXX,2
/not/used,A:376-Scr-crNo-6_t11,A_440-Scr-Ch-3_scaffold-3-4,XXXXXXXX,2
/not/used,A:378-Scr-Ch-3_t11,A_440-Scr-Ch-3_scaffold-3-4,XXXXXXXX,2
/not/used,A:376-Scr-crNo-5_t11,A_440-Scr-Ch-3_scaffold-3-4,XXXXXXXX,2
/not/used,A:378-Scr-Ch-1_t11,A_440-Scr-Ch-3_scaffold-3-4,XXXXXXXX,2
/not/used,A:377-Scr-clNo-4_t11,A_440-Scr-Ch-3_scaffold-3-4,XXXXXXXX,2
/not/used,A:377-Scr-clNo-3_t11,A_440-Scr-Ch-3_scaffold-3-4,XXXXXXXX,2
/not/used,A:377-Scr-clNo-2_t11,A_440-Scr-Ch-3_scaffold-3-4,XXXXXXXX,2
/not/used,A:375-Scr-Lc-2_t11,A_440-Scr-Ch-3_scaffold-3-4,XXXXXXXX,2
/not/used,A:282-Ext-clMoW-1_t08,A_440-Scr-Ch-3_scaffold-3-4,XXXXXXXX,2
/not/used,A:232-Stp-Rc71-1_t08,A_440-Scr-Ch-3_scaffold-3-4,XXXXXXXX,2
/not/used,A:282-Ext-clMoW-2_t08,A_440-Scr-Ch-3_scaffold-3-4,XXXXXXXX,2
/not/used,A:222-Stp-No62-2_t08,A_440-Scr-Ch-3_scaffold-3-4,XXXXXXXX,2
/not/used,A:267-Ext-tcChW-2_t08,A_440-Scr-Ch-3_scaffold-3-4,XXXXXXXX,2
/not/used,A:299-Scr-crBa-1_t08,A_440-Scr-Ch-3_scaffold-3-4,XXXXXXXX,2
/not/used,A:272-Ext-tlChW-2_t08,A_440-Scr-Ch-3_scaffold-3-4,XXXXXXXX,2
/not/used,A:280-Ext-crMoW-4_t08,A_440-Scr-Ch-3_scaffold-3-4,XXXXXXXX,2
/not/used,A:301-Scr-Ch-4_t08,A_440-Scr-Ch-3_scaffold-3-4,XXXXXXXX,2
/not/used,A:265-Ext-RcB-2_t08,A_440-Scr-Ch-3_scaffold-3-4,XXXXXXXX,2
/not/used,A:272-Ext-tlChW-1_t08,A_440-Scr-Ch-3_scaffold-3-4,XXXXXXXX,2
/not/used,A:280-Ext-crMoW-2_t08,A_440-Scr-Ch-3_scaffold-3-4,XXXXXXXX,2
/not/used,A:279-Ext-brFoW-1_t08,A_440-Scr-Ch-3_scaffold-3-4,XXXXXXXX,2
/not/used,A:265-Ext-RcB-1_t08,A_440-Scr-Ch-3_scaffold-3-4,XXXXXXXX,2
/not/used,A:279-Ext-brFoW-2_t08,A_440-Scr-Ch-3_scaffold-3-4,XXXXXXXX,2
/not/used,A:222-Stp-No62-1_t08,A_440-Scr-Ch-3_scaffold-3-4,XXXXXXXX,2
/not/used,A:295-Scr-crBa-4_t08,A_440-Scr-Ch-3_scaffold-3-4,XXXXXXXX,2
/not/used,A:276-Ext-tlLcW-4_t08,A_440-Scr-Ch-3_scaffold-3-4,XXXXXXXX,2
/not/used,A:294-Scr-clBa-2_t08,A_440-Scr-Ch-3_scaffold-3-4,XXXXXXXX,2
/not/used,A:293-Scr-trBa-3_t08,A_440-Scr-Ch-3_scaffold-3-4,XXXXXXXX,2
/not/used,A:276-Ext-tlLcW-1_t08,A_440-Scr-Ch-3_scaffold-3-4,XXXXXXXX,2
/not/used,A:276-Ext-tlLcW-3_t08,A_440-Scr-Ch-3_scaffold-3-4,XXXXXXXX,2
/not/used,A:294-Scr-clBa-1_t08,A_440-Scr-Ch-3_scaffold-3-4,XXXXXXXX,2
/not/used,A:275-Ext-tcFoB-1_t08,A_440-Scr-Ch-3_scaffold-3-4,XXXXXXXX,2
/not/used,A:023-Ext-tcChBp-3_t00,A_440-Scr-Ch-3_scaffold-3-4,XXXXXXXX,2
/not/used,A:024-Ext-bcChBs-1_t00,A_440-Scr-Ch-3_scaffold-3-4,XXXXXXXX,2
/not/used,A:024-Ext-bcChBs-2_t00,A_440-Scr-Ch-3_scaffold-3-4,XXXXXXXX,2
/not/used,A:024-Ext-bcChBs-3_t00,A_440-Scr-Ch-3_scaffold-3-4,XXXXXXXX,2
/not/used,A:020-Ext-crChB-4_t00,A_440-Scr-Ch-3_scaffold-3-4,XXXXXXXX,2
/not/used,A:025-Ext-clChWp-1_t00,A_440-Scr-Ch-3_scaffold-3-4,XXXXXXXX,2
/not/used,A:025-Ext-clChWp-2_t00,A_440-Scr-Ch-3_scaffold-3-4,XXXXXXXX,2
/not/used,A:020-Ext-crChB-1_t00,A_440-Scr-Ch-3_scaffold-3-4,XXXXXXXX,2
/not/used,A:020-Ext-crChB-2_t00,A_440-Scr-Ch-3_scaffold-3-4,XXXXXXXX,2
/not/used,A:007-Ext-bcFoBs-3_t00,A_440-Scr-Ch-3_scaffold-3-4,XXXXXXXX,2
/not/used,A:044-Ext-trFoB-4_t00,A_440-Scr-Ch-3_scaffold-3-4,XXXXXXXX,2
/not/used,A:044-Ext-trFoB-3_t00,A_440-Scr-Ch-3_scaffold-3-4,XXXXXXXX,2
/not/used,A:040-Ext-trRcBt-4_t00,A_440-Scr-Ch-3_scaffold-3-4,XXXXXXXX,2
/not/used,A:039-Ext-bcNoBl-4_t00,A_440-Scr-Ch-3_scaffold-3-4,XXXXXXXX,2
/not/used,A:039-Ext-bcNoBl-3_t00,A_440-Scr-Ch-3_scaffold-3-4,XXXXXXXX,2
/not/used,A:039-Ext-bcNoBl-1_t00,A_440-Scr-Ch-3_scaffold-3-4,XXXXXXXX,2
/not/used,A:038-Ext-ccNoB-2_t00,A_440-Scr-Ch-3_scaffold-3-4,XXXXXXXX,2
/not/used,A:038-Ext-ccNoB-1_t00,A_440-Scr-Ch-3_scaffold-3-4,XXXXXXXX,2
/not/used,A:037-Ext-ccNoBs-3_t00,A_440-Scr-Ch-3_scaffold-3-4,XXXXXXXX,2
/not/used,A:037-Ext-ccNoBs-2_t00,A_440-Scr-Ch-3_scaffold-3-4,XXXXXXXX,2
/not/used,A:037-Ext-ccNoBs-1_t00,A_440-Scr-Ch-3_scaffold-3-4,XXXXXXXX,2
/not/used,A:034-Ext-crNoBs-5_t00,A_440-Scr-Ch-3_scaffold-3-4,XXXXXXXX,2
/not/used,A:034-Ext-crNoBs-16_t00,A_440-Scr-Ch-3_scaffold-3-4,XXXXXXXX,2
/not/used,A:034-Ext-crNoBs-11_t00,A_440-Scr-Ch-3_scaffold-3-4,XXXXXXXX,2
/not/used,A:033-Ext-crNoBs-8_t00,A_440-Scr-Ch-3_scaffold-3-4,XXXXXXXX,2
/not/used,A:033-Ext-crNoBs-7_t00,A_440-Scr-Ch-3_scaffold-3-4,XXXXXXXX,2
/not/used,A:033-Ext-crNoBs-6_t00,A_440-Scr-Ch-3_scaffold-3-4,XXXXXXXX,2
/not/used,A:033-Ext-crNoBs-3_t00,A_440-Scr-Ch-3_scaffold-3-4,XXXXXXXX,2
/not/used,A:033-Ext-crNoBs-2_t00,A_440-Scr-Ch-3_scaffold-3-4,XXXXXXXX,2
/not/used,A:033-Ext-crNoBs-17_t00,A_440-Scr-Ch-3_scaffold-3-4,XXXXXXXX,2
/not/used,A:033-Ext-crNoBs-13_t00,A_440-Scr-Ch-3_scaffold-3-4,XXXXXXXX,2
/not/used,A:033-Ext-crNoBs-12_t00,A_440-Scr-Ch-3_scaffold-3-4,XXXXXXXX,2
/not/used,A:032-Ext-trNoBb-4_t00,A_440-Scr-Ch-3_scaffold-3-4,XXXXXXXX,2
/not/used,A:032-Ext-trNoBb-3_t00,A_440-Scr-Ch-3_scaffold-3-4,XXXXXXXX,2
/not/used,A:032-Ext-trNoBb-2_t00,A_440-Scr-Ch-3_scaffold-3-4,XXXXXXXX,2
/not/used,A:032-Ext-trNoBb-1_t00,A_440-Scr-Ch-3_scaffold-3-4,XXXXXXXX,2
/not/used,A:029-Ext-tlNoBs-3_t00,A_440-Scr-Ch-3_scaffold-3-4,XXXXXXXX,2
/not/used,A:027-Ext-tlLcWr-5_t00,A_440-Scr-Ch-3_scaffold-3-4,XXXXXXXX,2
/not/used,A:027-Ext-tlLcWr-4_t00,A_440-Scr-Ch-3_scaffold-3-4,XXXXXXXX,2
/not/used,A:027-Ext-tlLcWr-2_t00,A_440-Scr-Ch-3_scaffold-3-4,XXXXXXXX,2
/not/used,A:027-Ext-tlLcWr-1_t00,A_440-Scr-Ch-3_scaffold-3-4,XXXXXXXX,2
/not/used,A:019-Ext-trChBy-4_t00,A_440-Scr-Ch-3_scaffold-3-4,XXXXXXXX,2
/not/used,A:014-Ext-blRcB-4_t00,A_440-Scr-Ch-3_scaffold-3-4,XXXXXXXX,2
/not/used,A:014-Ext-blRcB-3_t00,A_440-Scr-Ch-3_scaffold-3-4,XXXXXXXX,2
/not/used,A:014-Ext-blRcB-2_t00,A_440-Scr-Ch-3_scaffold-3-4,XXXXXXXX,2
/not/used,A:014-Ext-blRcB-1_t00,A_440-Scr-Ch-3_scaffold-3-4,XXXXXXXX,2
/not/used,A:013-Ext-blRcB-4_t00,A_440-Scr-Ch-3_scaffold-3-4,XXXXXXXX,2
/not/used,A:013-Ext-blRcB-3_t00,A_440-Scr-Ch-3_scaffold-3-4,XXXXXXXX,2
/not/used,A:013-Ext-blRcB-2_t00,A_440-Scr-Ch-3_scaffold-3-4,XXXXXXXX,2
/not/used,A:013-Ext-blRcB-1_t00,A_440-Scr-Ch-3_scaffold-3-4,XXXXXXXX,2
/not/used,A:413-Scr-Rc-1_t35,A_440-Scr-Ch-3_scaffold-3-4,XXXXXXXX,2
/not/used,A:412-Scr-Lc-2_t35,A_440-Scr-Ch-3_scaffold-3-4,XXXXXXXX,2
/not/used,A:412-Scr-Lc-3_t35,A_440-Scr-Ch-3_scaffold-3-4,XXXXXXXX,2
/not/used,A:413-Scr-Rc-4_t35,A_440-Scr-Ch-3_scaffold-3-4,XXXXXXXX,2
/not/used,A:412-Scr-Lc-4_t35,A_440-Scr-Ch-3_scaffold-3-4,XXXXXXXX,2
/not/used,A:413-Scr-Rc-5_t35,A_440-Scr-Ch-3_scaffold-3-4,XXXXXXXX,2
/not/used,A:414-Scr-Ch-1_t35,A_440-Scr-Ch-3_scaffold-3-4,XXXXXXXX,2
/not/used,A:413-Scr-Rc-6_t35,A_440-Scr-Ch-3_scaffold-3-4,XXXXXXXX,2
/not/used,A:414-Scr-Ch-2_t35,A_440-Scr-Ch-3_scaffold-3-4,XXXXXXXX,2
/not/used,A:414-Scr-Ch-3_t35,A_440-Scr-Ch-3_scaffold-3-4,XXXXXXXX,2
/not/used,A:413-Scr-Rc-9_t35,A_440-Scr-Ch-3_scaffold-3-4,XXXXXXXX,2
/not/used,A:415-Scr-trBa-1_t35,A_440-Scr-Ch-3_scaffold-3-4,XXXXXXXX,2
/not/used,A:413-Scr-Rc-10_t35,A_440-Scr-Ch-3_scaffold-3-4,XXXXXXXX,2
/not/used,A:413-Scr-Rc-12_t35,A_440-Scr-Ch-3_scaffold-3-4,XXXXXXXX,2
/not/used,A:415-Scr-trBa-4_t35,A_440-Scr-Ch-3_scaffold-3-4,XXXXXXXX,2
/not/used,A:016-Ext-trRcBl-1_t00,A_440-Scr-Ch-3_scaffold-3-4,XXXXXXXX,2
/not/used,A:016-Ext-trRcBl-3_t00,A_440-Scr-Ch-3_scaffold-3-4,XXXXXXXX,2
/not/used,A:016-Ext-trRcBl-4_t00,A_440-Scr-Ch-3_scaffold-3-4,XXXXXXXX,2
/not/used,A:434-Scr-Rc-1_t60,A_440-Scr-Ch-3_scaffold-3-4,XXXXXXXX,2
/not/used,A:434-Scr-Rc-3_t60,A_440-Scr-Ch-3_scaffold-3-4,XXXXXXXX,2
/not/used,A:434-Scr-Rc-6_t60,A_440-Scr-Ch-3_scaffold-3-4,XXXXXXXX,2
/not/used,A:438-Scr-Fo-4_t60,A_440-Scr-Ch-3_scaffold-3-4,XXXXXXXX,2
/not/used,A:440-Scr-Ch-1_t60,A_440-Scr-Ch-3_scaffold-3-4,XXXXXXXX,2
/not/used,A:440-Scr-Ch-3_t60,A_440-Scr-Ch-3_scaffold-3-4,XXXXXXXX,2
/not/used,A:435-Scr-Rc-7_t60,A_440-Scr-Ch-3_scaffold-3-4,XXXXXXXX,2
/not/used,A:435-Scr-Rc-10_t60,A_440-Scr-Ch-3_scaffold-3-4,XXXXXXXX,2
/not/used,A:435-Scr-Rc-12_t60,A_440-Scr-Ch-3_scaffold-3-4,XXXXXXXX,2
/not/used,A:437-Scr-Lc-1_t60,A_440-Scr-Ch-3_scaffold-3-4,XXXXXXXX,2
/not/used,A:437-Scr-Lc-2_t60,A_440-Scr-Ch-3_scaffold-3-4,XXXXXXXX,2
/not/used,A:437-Scr-Lc-3_t60,A_440-Scr-Ch-3_scaffold-3-4,XXXXXXXX,2
/not/used,A:437-Scr-Lc-4_t60,A_440-Scr-Ch-3_scaffold-3-4,XXXXXXXX,2
/not/used,A:437-Scr-Lc-7_t60,A_440-Scr-Ch-3_scaffold-3-4,XXXXXXXX,2
/not/used,A:437-Scr-Lc-10_t60,A_440-Scr-Ch-3_scaffold-3-4,XXXXXXXX,2
/not/used,A:437-Scr-Lc-11_t60,A_440-Scr-Ch-3_scaffold-3-4,XXXXXXXX,2
/not/used,A:437-Scr-Lc-12_t60,A_440-Scr-Ch-3_scaffold-3-4,XXXXXXXX,2
/not/used,A:439-Scr-Fo-9_t60,A_440-Scr-Ch-3_scaffold-3-4,XXXXXXXX,2
/not/used,A:441-Scr-Ch-10_t60,A_440-Scr-Ch-3_scaffold-3-4,XXXXXXXX,2
/not/used,A:441-Scr-Ch-11_t60,A_440-Scr-Ch-3_scaffold-3-4,XXXXXXXX,2
/not/used,A:439-Scr-Fo-13_t60,A_440-Scr-Ch-3_scaffold-3-4,XXXXXXXX,2
/not/used,A:434-Scr-Rc-14_t60,A_440-Scr-Ch-3_scaffold-3-4,XXXXXXXX,2
/not/used,A:434-Scr-Rc-15_t60,A_440-Scr-Ch-3_scaffold-3-4,XXXXXXXX,2
/not/used,A:438-Scr-Fo-17_t60,A_440-Scr-Ch-3_scaffold-3-4,XXXXXXXX,2
/not/used,A:379-Scr-trBa-3_t11,A_440-Scr-Ch-3_scaffold-3-4,XXXXXXXX,3
/not/used,A:379-Scr-trBa-2_t11,A_440-Scr-Ch-3_scaffold-3-4,XXXXXXXX,3
/not/used,A:379-Scr-trBa-1_t11,A_440-Scr-Ch-3_scaffold-3-4,XXXXXXXX,3
/not/used,A:380-Scr-tlBa-6_t11,A_440-Scr-Ch-3_scaffold-3-4,XXXXXXXX,3
/not/used,A:380-Scr-tlBa-5_t11,A_440-Scr-Ch-3_scaffold-3-4,XXXXXXXX,3
/not/used,A:380-Scr-tlBa-4_t11,A_440-Scr-Ch-3_scaffold-3-4,XXXXXXXX,3
/not/used,A:380-Scr-tlBa-3_t11,A_440-Scr-Ch-3_scaffold-3-4,XXXXXXXX,3
/not/used,A:380-Scr-tlBa-2_t11,A_440-Scr-Ch-3_scaffold-3-4,XXXXXXXX,3
/not/used,A:380-Scr-tlBa-1_t11,A_440-Scr-Ch-3_scaffold-3-4,XXXXXXXX,3
/not/used,A:297-Scr-crBa-2_t08,A_440-Scr-Ch-3_scaffold-3-4,XXXXXXXX,3
/not/used,A:297-Scr-crBa-1_t08,A_440-Scr-Ch-3_scaffold-3-4,XXXXXXXX,3
/not/used,A:298-Scr-clBa-4_t08,A_440-Scr-Ch-3_scaffold-3-4,XXXXXXXX,3
/not/used,A:298-Scr-clBa-3_t08,A_440-Scr-Ch-3_scaffold-3-4,XXXXXXXX,3
/not/used,A:298-Scr-clBa-2_t08,A_440-Scr-Ch-3_scaffold-3-4,XXXXXXXX,3
/not/used,A:299-Scr-crBa-2_t08,A_440-Scr-Ch-3_scaffold-3-4,XXXXXXXX,3
/not/used,A:288-Scr-clCh-3_t08,A_440-Scr-Ch-3_scaffold-3-4,XXXXXXXX,3
/not/used,A:288-Scr-clCh-2_t08,A_440-Scr-Ch-3_scaffold-3-4,XXXXXXXX,3
/not/used,A:288-Scr-clCh-1_t08,A_440-Scr-Ch-3_scaffold-3-4,XXXXXXXX,3
/not/used,A:287-Scr-crFo-4_t08,A_440-Scr-Ch-3_scaffold-3-4,XXXXXXXX,3
/not/used,A:287-Scr-crFo-3_t08,A_440-Scr-Ch-3_scaffold-3-4,XXXXXXXX,3
/not/used,A:291-Scr-crCh-1_t08,A_440-Scr-Ch-3_scaffold-3-4,XXXXXXXX,3
/not/used,A:287-Scr-crFo-1_t08,A_440-Scr-Ch-3_scaffold-3-4,XXXXXXXX,3
/not/used,A:067-Scr-trBa-5_t00,A_440-Scr-Ch-3_scaffold-3-4,XXXXXXXX,3
/not/used,A:067-Scr-trBa-6_t00,A_440-Scr-Ch-3_scaffold-3-4,XXXXXXXX,3
/not/used,A:068-Scr-blBa-1_t00,A_440-Scr-Ch-3_scaffold-3-4,XXXXXXXX,3
/not/used,A:066-Scr-tlBa-1_t00,A_440-Scr-Ch-3_scaffold-3-4,XXXXXXXX,3
/not/used,A:066-Scr-tlBa-2_t00,A_440-Scr-Ch-3_scaffold-3-4,XXXXXXXX,3
/not/used,A:066-Scr-tlBa-4_t00,A_440-Scr-Ch-3_scaffold-3-4,XXXXXXXX,3
/not/used,A:067-Scr-trBa-2_t00,A_440-Scr-Ch-3_scaffold-3-4,XXXXXXXX,3
/not/used,A:416-Scr-tlBa-1_t35,A_440-Scr-Ch-3_scaffold-3-4,XXXXXXXX,3
/not/used,A:416-Scr-tlBa-2_t35,A_440-Scr-Ch-3_scaffold-3-4,XXXXXXXX,3
/not/used,A:416-Scr-tlBa-3_t35,A_440-Scr-Ch-3_scaffold-3-4,XXXXXXXX,3
/not/used,A:416-Scr-tlBa-4_t35,A_440-Scr-Ch-3_scaffold-3-4,XXXXXXXX,3
/not/used,A:417-Scr-blBa-1_t35,A_440-Scr-Ch-3_scaffold-3-4,XXXXXXXX,3
/not/used,A:417-Scr-blBa-2_t35,A_440-Scr-Ch-3_scaffold-3-4,XXXXXXXX,3
/not/used,A:417-Scr-blBa-3_t35,A_440-Scr-Ch-3_scaffold-3-4,XXXXXXXX,3
/not/used,A:417-Scr-blBa-4_t35,A_440-Scr-Ch-3_scaffold-3-4,XXXXXXXX,3
/not/used,A:418-Scr-brBa-2_t35,A_440-Scr-Ch-3_scaffold-3-4,XXXXXXXX,3
/not/used,A:415-Scr-trBa-3_t35,A_440-Scr-Ch-3_scaffold-3-4,XXXXXXXX,3
/not/used,A:418-Scr-brBa-3_t35,A_440-Scr-Ch-3_scaffold-3-4,XXXXXXXX,3
/not/used,A:418-Scr-brBa-4_t35,A_440-Scr-Ch-3_scaffold-3-4,XXXXXXXX,3
/not/used,A:442-Scr-trBa-1_t60,A_440-Scr-Ch-3_scaffold-3-4,XXXXXXXX,3
/not/used,A:442-Scr-trBa-3_t60,A_440-Scr-Ch-3_scaffold-3-4,XXXXXXXX,3
/not/used,A:442-Scr-trBa-6_t60,A_440-Scr-Ch-3_scaffold-3-4,XXXXXXXX,3
/not/used,A:444-Scr-tlBa-1_t60,A_440-Scr-Ch-3_scaffold-3-4,XXXXXXXX,3
/not/used,A:444-Scr-tlBa-2_t60,A_440-Scr-Ch-3_scaffold-3-4,XXXXXXXX,3
/not/used,A:444-Scr-tlBa-3_t60,A_440-Scr-Ch-3_scaffold-3-4,XXXXXXXX,3
/not/used,A:444-Scr-tlBa-4_t60,A_440-Scr-Ch-3_scaffold-3-4,XXXXXXXX,3
/not/used,A:444-Scr-tlBa-5_t60,A_440-Scr-Ch-3_scaffold-3-4,XXXXXXXX,3
/not/used,A:443-Scr-trBa-7_t60,A_440-Scr-Ch-3_scaffold-3-4,XXXXXXXX,3
/not/used,A:443-Scr-trBa-8_t60,A_440-Scr-Ch-3_scaffold-3-4,XXXXXXXX,3
/not/used,A:443-Scr-trBa-9_t60,A_440-Scr-Ch-3_scaffold-3-4,XXXXXXXX,3
/not/used,A:443-Scr-trBa-10_t60,A_440-Scr-Ch-3_scaffold-3-4,XXXXXXXX,3
/not/used,A:443-Scr-trBa-11_t60,A_440-Scr-Ch-3_scaffold-3-4,XXXXXXXX,3
/not/used,A:443-Scr-trBa-12_t60,A_440-Scr-Ch-3_scaffold-3-4,XXXXXXXX,3
/not/used,A:444-Scr-tlBa-7_t60,A_440-Scr-Ch-3_scaffold-3-4,XXXXXXXX,3
/not/used,A:444-Scr-tlBa-8_t60,A_440-Scr-Ch-3_scaffold-3-4,XXXXXXXX,3
/not/used,A:444-Scr-tlBa-9_t60,A_440-Scr-Ch-3_scaffold-3-4,XXXXXXXX,3
/not/used,A:444-Scr-tlBa-13_t60,A_440-Scr-Ch-3_scaffold-3-4,XXXXXXXX,3
/not/used,A:444-Scr-tlBa-14_t60,A_440-Scr-Ch-3_scaffold-3-4,XXXXXXXX,3
/not/used,A:443-Scr-trBa-13_t60,A_440-Scr-Ch-3_scaffold-3-4,XXXXXXXX,3
/not/used,A:443-Scr-trBa-14_t60,A_440-Scr-Ch-3_scaffold-3-4,XXXXXXXX,3
/not/used,A:443-Scr-trBa-15_t60,A_440-Scr-Ch-3_scaffold-3-4,XXXXXXXX,3
/not/used,H:318-Scr-trBa-2_t11,A_440-Scr-Ch-3_scaffold-3-4,XXXXXXXX,4
/not/used,H:321-Scr-clLc-6_t11,A_440-Scr-Ch-3_scaffold-3-4,XXXXXXXX,4
/not/used,H:321-Scr-clLc-5_t11,A_440-Scr-Ch-3_scaffold-3-4,XXXXXXXX,4
/not/used,H:321-Scr-clLc-4_t11,A_440-Scr-Ch-3_scaffold-3-4,XXXXXXXX,4
/not/used,H:319-Scr-brBa-6_t11,A_440-Scr-Ch-3_scaffold-3-4,XXXXXXXX,4
/not/used,H:318-Scr-trBa-6_t11,A_440-Scr-Ch-3_scaffold-3-4,XXXXXXXX,4
/not/used,H:319-Scr-brBa-5_t11,A_440-Scr-Ch-3_scaffold-3-4,XXXXXXXX,4
/not/used,H:318-Scr-trBa-5_t11,A_440-Scr-Ch-3_scaffold-3-4,XXXXXXXX,4
/not/used,H:319-Scr-brBa-1_t11,A_440-Scr-Ch-3_scaffold-3-4,XXXXXXXX,4
/not/used,H:319-Scr-brBa-4_t11,A_440-Scr-Ch-3_scaffold-3-4,XXXXXXXX,4
/not/used,H:318-Scr-trBa-4_t11,A_440-Scr-Ch-3_scaffold-3-4,XXXXXXXX,4
/not/used,H:319-Scr-brBa-3_t11,A_440-Scr-Ch-3_scaffold-3-4,XXXXXXXX,4
/not/used,H:318-Scr-trBa-3_t11,A_440-Scr-Ch-3_scaffold-3-4,XXXXXXXX,4
/not/used,H:319-Scr-brBa-2_t11,A_440-Scr-Ch-3_scaffold-3-4,XXXXXXXX,4
/not/used,H:318-Scr-trBa-1_t11,A_440-Scr-Ch-3_scaffold-3-4,XXXXXXXX,4
/not/used,H:312-Scr-Fo-1_t11,A_440-Scr-Ch-3_scaffold-3-4,XXXXXXXX,4
/not/used,H:312-Scr-Fo-2_t11,A_440-Scr-Ch-3_scaffold-3-4,XXXXXXXX,4
/not/used,H:312-Scr-Fo-3_t11,A_440-Scr-Ch-3_scaffold-3-4,XXXXXXXX,4
/not/used,H:312-Scr-Fo-4_t11,A_440-Scr-Ch-3_scaffold-3-4,XXXXXXXX,4
/not/used,H:313-Scr-Rc-6_t11,A_440-Scr-Ch-3_scaffold-3-4,XXXXXXXX,4
/not/used,H:312-Scr-Fo-5_t11,A_440-Scr-Ch-3_scaffold-3-4,XXXXXXXX,4
/not/used,H:321-Scr-clLc-1_t11,A_440-Scr-Ch-3_scaffold-3-4,XXXXXXXX,4
/not/used,H:312-Scr-Fo-6_t11,A_440-Scr-Ch-3_scaffold-3-4,XXXXXXXX,4
/not/used,H:321-Scr-clLc-2_t11,A_440-Scr-Ch-3_scaffold-3-4,XXXXXXXX,4
/not/used,H:314-Scr-Lc-6_t11,A_440-Scr-Ch-3_scaffold-3-4,XXXXXXXX,4
/not/used,H:317-Scr-Ch-1_t11,A_440-Scr-Ch-3_scaffold-3-4,XXXXXXXX,4
/not/used,H:317-Scr-Ch-2_t11,A_440-Scr-Ch-3_scaffold-3-4,XXXXXXXX,4
/not/used,H:317-Scr-Ch-3_t11,A_440-Scr-Ch-3_scaffold-3-4,XXXXXXXX,4
/not/used,H:317-Scr-Ch-4_t11,A_440-Scr-Ch-3_scaffold-3-4,XXXXXXXX,4
/not/used,H:313-Scr-Rc-1_t11,A_440-Scr-Ch-3_scaffold-3-4,XXXXXXXX,4
/not/used,H:314-Scr-Lc-1_t11,A_440-Scr-Ch-3_scaffold-3-4,XXXXXXXX,4
/not/used,H:315-Scr-crNo-1_t11,A_440-Scr-Ch-3_scaffold-3-4,XXXXXXXX,4
/not/used,H:316-Scr-clNo-1_t11,A_440-Scr-Ch-3_scaffold-3-4,XXXXXXXX,4
/not/used,H:313-Scr-Rc-2_t11,A_440-Scr-Ch-3_scaffold-3-4,XXXXXXXX,4
/not/used,H:315-Scr-crNo-6_t11,A_440-Scr-Ch-3_scaffold-3-4,XXXXXXXX,4
/not/used,H:314-Scr-Lc-2_t11,A_440-Scr-Ch-3_scaffold-3-4,XXXXXXXX,4
/not/used,H:315-Scr-crNo-2_t11,A_440-Scr-Ch-3_scaffold-3-4,XXXXXXXX,4
/not/used,H:313-Scr-Rc-3_t11,A_440-Scr-Ch-3_scaffold-3-4,XXXXXXXX,4
/not/used,H:314-Scr-Lc-3_t11,A_440-Scr-Ch-3_scaffold-3-4,XXXXXXXX,4
/not/used,H:315-Scr-crNo-3_t11,A_440-Scr-Ch-3_scaffold-3-4,XXXXXXXX,4
/not/used,H:313-Scr-Rc-4_t11,A_440-Scr-Ch-3_scaffold-3-4,XXXXXXXX,4
/not/used,H:314-Scr-Lc-4_t11,A_440-Scr-Ch-3_scaffold-3-4,XXXXXXXX,4
/not/used,H:316-Scr-clNo-4_t11,A_440-Scr-Ch-3_scaffold-3-4,XXXXXXXX,4
/not/used,H:313-Scr-Rc-5_t11,A_440-Scr-Ch-3_scaffold-3-4,XXXXXXXX,4
/not/used,H:314-Scr-Lc-5_t11,A_440-Scr-Ch-3_scaffold-3-4,XXXXXXXX,4
/not/used,H:315-Scr-crNo-5_t11,A_440-Scr-Ch-3_scaffold-3-4,XXXXXXXX,4
/not/used,F:170-Stp-Rc24-4_t07,A_440-Scr-Ch-3_scaffold-3-4,XXXXXXXX,5
/not/used,F:166-Stp-Rc23-4_t07,A_440-Scr-Ch-3_scaffold-3-4,XXXXXXXX,5
/not/used,F:170-Stp-Rc24-3_t07,A_440-Scr-Ch-3_scaffold-3-4,XXXXXXXX,5
/not/used,F:166-Stp-Rc23-3_t07,A_440-Scr-Ch-3_scaffold-3-4,XXXXXXXX,5
/not/used,F:170-Stp-Rc24-2_t07,A_440-Scr-Ch-3_scaffold-3-4,XXXXXXXX,5
/not/used,F:166-Stp-Rc23-2_t07,A_440-Scr-Ch-3_scaffold-3-4,XXXXXXXX,5
/not/used,F:161-Stp-No21-4_t07,A_440-Scr-Ch-3_scaffold-3-4,XXXXXXXX,5
/not/used,F:168-Stp-Rc22-4_t07,A_440-Scr-Ch-3_scaffold-3-4,XXXXXXXX,5
/not/used,F:161-Stp-No21-3_t07,A_440-Scr-Ch-3_scaffold-3-4,XXXXXXXX,5
/not/used,F:168-Stp-Rc22-3_t07,A_440-Scr-Ch-3_scaffold-3-4,XXXXXXXX,5
/not/used,F:161-Stp-No21-2_t07,A_440-Scr-Ch-3_scaffold-3-4,XXXXXXXX,5
/not/used,F:170-Stp-Rc24-1_t07,A_440-Scr-Ch-3_scaffold-3-4,XXXXXXXX,5
/not/used,F:168-Stp-Rc22-2_t07,A_440-Scr-Ch-3_scaffold-3-4,XXXXXXXX,5
/not/used,F:161-Stp-No21-1_t07,A_440-Scr-Ch-3_scaffold-3-4,XXXXXXXX,5
/not/used,F:168-Stp-Rc22-1_t07,A_440-Scr-Ch-3_scaffold-3-4,XXXXXXXX,5
/not/used,F:172-Stp-Rc19-4_t07,A_440-Scr-Ch-3_scaffold-3-4,XXXXXXXX,5
/not/used,F:160-Stp-No20-4_t07,A_440-Scr-Ch-3_scaffold-3-4,XXXXXXXX,5
/not/used,F:172-Stp-Rc19-3_t07,A_440-Scr-Ch-3_scaffold-3-4,XXXXXXXX,5
/not/used,F:160-Stp-No20-3_t07,A_440-Scr-Ch-3_scaffold-3-4,XXXXXXXX,5
/not/used,F:172-Stp-Rc19-2_t07,A_440-Scr-Ch-3_scaffold-3-4,XXXXXXXX,5
/not/used,F:160-Stp-No20-2_t07,A_440-Scr-Ch-3_scaffold-3-4,XXXXXXXX,5
/not/used,F:172-Stp-Rc19-1_t07,A_440-Scr-Ch-3_scaffold-3-4,XXXXXXXX,5
/not/used,F:166-Stp-Rc23-1_t07,A_440-Scr-Ch-3_scaffold-3-4,XXXXXXXX,5
/not/used,F:181-Scr-Rc-4_t07,A_440-Scr-Ch-3_scaffold-3-4,XXXXXXXX,5
/not/used,F:148-Stp-Lc16-4_t07,A_440-Scr-Ch-3_scaffold-3-4,XXXXXXXX,5
/not/used,F:181-Scr-Rc-3_t07,A_440-Scr-Ch-3_scaffold-3-4,XXXXXXXX,5
/not/used,F:148-Stp-Lc16-3_t07,A_440-Scr-Ch-3_scaffold-3-4,XXXXXXXX,5
/not/used,F:183-Scr-crFo-2_t07,A_440-Scr-Ch-3_scaffold-3-4,XXXXXXXX,5
/not/used,F:140-Stp-Lc14-2_t07,A_440-Scr-Ch-3_scaffold-3-4,XXXXXXXX,5
/not/used,F:183-Scr-crFo-1_t07,A_440-Scr-Ch-3_scaffold-3-4,XXXXXXXX,5
/not/used,F:140-Stp-Lc14-1_t07,A_440-Scr-Ch-3_scaffold-3-4,XXXXXXXX,5
/not/used,F:107-Stp-Fo6-1_t07,A_440-Scr-Ch-3_scaffold-3-4,XXXXXXXX,5
/not/used,F:193-Scr-clCh-3_t07,A_440-Scr-Ch-3_scaffold-3-4,XXXXXXXX,5
/not/used,F:189-Scr-crCh-3_t07,A_440-Scr-Ch-3_scaffold-3-4,XXXXXXXX,5
/not/used,F:105-Stp-Fo3-2_t07,A_440-Scr-Ch-3_scaffold-3-4,XXXXXXXX,5
/not/used,F:193-Scr-clCh-1_t07,A_440-Scr-Ch-3_scaffold-3-4,XXXXXXXX,5
/not/used,F:189-Scr-crCh-1_t07,A_440-Scr-Ch-3_scaffold-3-4,XXXXXXXX,5
/not/used,F:103-Stp-Fo2-3_t07,A_440-Scr-Ch-3_scaffold-3-4,XXXXXXXX,5
/not/used,F:123-Stp-Lc12-3_t07,A_440-Scr-Ch-3_scaffold-3-4,XXXXXXXX,5
/not/used,F:119-Stp-Lc12-3_t07,A_440-Scr-Ch-3_scaffold-3-4,XXXXXXXX,5
/not/used,F:113-Stp-Lc9-3_t07,A_440-Scr-Ch-3_scaffold-3-4,XXXXXXXX,5
/not/used,F:192-Scr-clCh-2_t07,A_440-Scr-Ch-3_scaffold-3-4,XXXXXXXX,5
/not/used,F:188-Scr-ccCh-2_t07,A_440-Scr-Ch-3_scaffold-3-4,XXXXXXXX,5
/not/used,F:123-Stp-Lc12-1_t07,A_440-Scr-Ch-3_scaffold-3-4,XXXXXXXX,5
/not/used,F:113-Stp-Lc9-1_t07,A_440-Scr-Ch-3_scaffold-3-4,XXXXXXXX,5
/not/used,B:304-Scr-Lc-1_t11,A_440-Scr-Ch-3_scaffold-3-4,XXXXXXXX,6
/not/used,B:311-Scr-ccCh-1_t11,A_440-Scr-Ch-3_scaffold-3-4,XXXXXXXX,6
/not/used,B:307-Scr-crNo-5_t11,A_440-Scr-Ch-3_scaffold-3-4,XXXXXXXX,6
/not/used,B:302-Scr-Fo-3_t11,A_440-Scr-Ch-3_scaffold-3-4,XXXXXXXX,6
/not/used,B:302-Scr-Fo-4_t11,A_440-Scr-Ch-3_scaffold-3-4,XXXXXXXX,6
/not/used,B:302-Scr-Fo-5_t11,A_440-Scr-Ch-3_scaffold-3-4,XXXXXXXX,6
/not/used,B:311-Scr-ccCh-5_t11,A_440-Scr-Ch-3_scaffold-3-4,XXXXXXXX,6
/not/used,B:302-Scr-Fo-6_t11,A_440-Scr-Ch-3_scaffold-3-4,XXXXXXXX,6
/not/used,B:309-Scr-trBa-1_t11,A_440-Scr-Ch-3_scaffold-3-4,XXXXXXXX,6
/not/used,B:306-Scr-clCh-1_t11,A_440-Scr-Ch-3_scaffold-3-4,XXXXXXXX,6
/not/used,B:307-Scr-crNo-2_t11,A_440-Scr-Ch-3_scaffold-3-4,XXXXXXXX,6
/not/used,B:306-Scr-clCh-6_t11,A_440-Scr-Ch-3_scaffold-3-4,XXXXXXXX,6
/not/used,B:307-Scr-crNo-3_t11,A_440-Scr-Ch-3_scaffold-3-4,XXXXXXXX,6
/not/used,B:074-Scr-tlBa-2_t00,A_440-Scr-Ch-3_scaffold-3-4,XXXXXXXX,6
/not/used,B:089-Ext-clChBs-4_t00,A_440-Scr-Ch-3_scaffold-3-4,XXXXXXXX,6
/not/used,B:089-Ext-clChBs-3_t00,A_440-Scr-Ch-3_scaffold-3-4,XXXXXXXX,6
/not/used,B:089-Ext-clChBs-2_t00,A_440-Scr-Ch-3_scaffold-3-4,XXXXXXXX,6
/not/used,B:089-Ext-clChBs-1_t00,A_440-Scr-Ch-3_scaffold-3-4,XXXXXXXX,6
/not/used,B:088-Ext-ccChBs-3_t00,A_440-Scr-Ch-3_scaffold-3-4,XXXXXXXX,6
/not/used,B:088-Ext-ccChBs-2_t00,A_440-Scr-Ch-3_scaffold-3-4,XXXXXXXX,6
/not/used,B:083-Ext-crNoBs-4_t00,A_440-Scr-Ch-3_scaffold-3-4,XXXXXXXX,6
/not/used,B:083-Ext-crNoBs-3_t00,A_440-Scr-Ch-3_scaffold-3-4,XXXXXXXX,6
/not/used,B:083-Ext-crNoBs-1_t00,A_440-Scr-Ch-3_scaffold-3-4,XXXXXXXX,6
/not/used,B:079-Ext-lcFoBs-3_t00,A_440-Scr-Ch-3_scaffold-3-4,XXXXXXXX,6
/not/used,B:079-Ext-lcFoBs-1_t00,A_440-Scr-Ch-3_scaffold-3-4,XXXXXXXX,6
/not/used,B:073-Scr-Ch-4_t00,A_440-Scr-Ch-3_scaffold-3-4,XXXXXXXX,6
/not/used,B:072-Scr-Rc-1_t00,A_440-Scr-Ch-3_scaffold-3-4,XXXXXXXX,6
/not/used,B:071-Scr-Lc-4_t00,A_440-Scr-Ch-3_scaffold-3-4,XXXXXXXX,6
/not/used,B:070-Scr-Fo-4_t00,A_440-Scr-Ch-3_scaffold-3-4,XXXXXXXX,6
/not/used,B:070-Scr-Fo-1_t00,A_440-Scr-Ch-3_scaffold-3-4,XXXXXXXX,6
/not/used,B:090-Ext-crChBs-4_t00,A_440-Scr-Ch-3_scaffold-3-4,XXXXXXXX,6
/not/used,B:090-Ext-crChBs-1_t00,A_440-Scr-Ch-3_scaffold-3-4,XXXXXXXX,6
/not/used,B:090-Ext-crChBs-2_t00,A_440-Scr-Ch-3_scaffold-3-4,XXXXXXXX,6
/not/used,L:362-Scr-Ch-6_t11,A_440-Scr-Ch-3_scaffold-3-4,XXXXXXXX,7
/not/used,L:357-Scr-Fo-6_t11,A_440-Scr-Ch-3_scaffold-3-4,XXXXXXXX,7
/not/used,L:362-Scr-Ch-5_t11,A_440-Scr-Ch-3_scaffold-3-4,XXXXXXXX,7
/not/used,L:357-Scr-Fo-5_t11,A_440-Scr-Ch-3_scaffold-3-4,XXXXXXXX,7
/not/used,L:363-Scr-trBa-4_t11,A_440-Scr-Ch-3_scaffold-3-4,XXXXXXXX,7
/not/used,L:361-Scr-clNo-6_t11,A_440-Scr-Ch-3_scaffold-3-4,XXXXXXXX,7
/not/used,L:362-Scr-Ch-4_t11,A_440-Scr-Ch-3_scaffold-3-4,XXXXXXXX,7
/not/used,L:363-Scr-trBa-3_t11,A_440-Scr-Ch-3_scaffold-3-4,XXXXXXXX,7
/not/used,L:362-Scr-Ch-3_t11,A_440-Scr-Ch-3_scaffold-3-4,XXXXXXXX,7
/not/used,L:359-Scr-Lc-4_t11,A_440-Scr-Ch-3_scaffold-3-4,XXXXXXXX,7
/not/used,L:363-Scr-trBa-2_t11,A_440-Scr-Ch-3_scaffold-3-4,XXXXXXXX,7
/not/used,L:361-Scr-clNo-4_t11,A_440-Scr-Ch-3_scaffold-3-4,XXXXXXXX,7
/not/used,L:362-Scr-Ch-2_t11,A_440-Scr-Ch-3_scaffold-3-4,XXXXXXXX,7
/not/used,L:358-Scr-Rc-4_t11,A_440-Scr-Ch-3_scaffold-3-4,XXXXXXXX,7
/not/used,L:360-Scr-crNo-4_t11,A_440-Scr-Ch-3_scaffold-3-4,XXXXXXXX,7
/not/used,L:359-Scr-Lc-3_t11,A_440-Scr-Ch-3_scaffold-3-4,XXXXXXXX,7
/not/used,L:363-Scr-trBa-1_t11,A_440-Scr-Ch-3_scaffold-3-4,XXXXXXXX,7
/not/used,L:361-Scr-clNo-3_t11,A_440-Scr-Ch-3_scaffold-3-4,XXXXXXXX,7
/not/used,L:362-Scr-Ch-1_t11,A_440-Scr-Ch-3_scaffold-3-4,XXXXXXXX,7
/not/used,L:358-Scr-Rc-3_t11,A_440-Scr-Ch-3_scaffold-3-4,XXXXXXXX,7
/not/used,L:360-Scr-crNo-3_t11,A_440-Scr-Ch-3_scaffold-3-4,XXXXXXXX,7
/not/used,L:359-Scr-Lc-1_t11,A_440-Scr-Ch-3_scaffold-3-4,XXXXXXXX,7
/not/used,L:357-Scr-Fo-1_t11,A_440-Scr-Ch-3_scaffold-3-4,XXXXXXXX,7
/not/used,L:361-Scr-clNo-1_t11,A_440-Scr-Ch-3_scaffold-3-4,XXXXXXXX,7
/not/used,L:358-Scr-Rc-1_t11,A_440-Scr-Ch-3_scaffold-3-4,XXXXXXXX,7
/not/used,L:360-Scr-crNo-1_t11,A_440-Scr-Ch-3_scaffold-3-4,XXXXXXXX,7
/not/used,L:357-Scr-Fo-3_t11,A_440-Scr-Ch-3_scaffold-3-4,XXXXXXXX,7
/not/used,L:357-Scr-Fo-2_t11,A_440-Scr-Ch-3_scaffold-3-4,XXXXXXXX,7
/not/used,L:364-Scr-tlBa-4_t11,A_440-Scr-Ch-3_scaffold-3-4,XXXXXXXX,7
/not/used,L:364-Scr-tlBa-3_t11,A_440-Scr-Ch-3_scaffold-3-4,XXXXXXXX,7
/not/used,F:147-Stp-Lc16-3_t07,A_440-Scr-Ch-3_scaffold-3-4,XXXXXXXX,8
/not/used,F:115-Stp-Lc7-3_t07,A_440-Scr-Ch-3_scaffold-3-4,XXXXXXXX,8
/not/used,F:127-Stp-Lc12-1_t07,A_440-Scr-Ch-3_scaffold-3-4,XXXXXXXX,8
/not/used,F:120-Stp-Lc11-1_t07,A_440-Scr-Ch-3_scaffold-3-4,XXXXXXXX,8
/not/used,F:141-Stp-Lc14-3_t07,A_440-Scr-Ch-3_scaffold-3-4,XXXXXXXX,8
/not/used,F:141-Stp-Lc14-2_t07,A_440-Scr-Ch-3_scaffold-3-4,XXXXXXXX,8
/not/used,F:141-Stp-Lc14-1_t07,A_440-Scr-Ch-3_scaffold-3-4,XXXXXXXX,8
/not/used,F:103-Stp-Fo2-4_t07,A_440-Scr-Ch-3_scaffold-3-4,XXXXXXXX,8
/not/used,F:129-Stp-Lc12-3_t07,A_440-Scr-Ch-3_scaffold-3-4,XXXXXXXX,8
/not/used,F:114-Stp-Lc7-1_t07,A_440-Scr-Ch-3_scaffold-3-4,XXXXXXXX,8
/not/used,F:143-Stp-Lc15-2_t07,A_440-Scr-Ch-3_scaffold-3-4,XXXXXXXX,8
/not/used,F:132-Stp-Lc10-2_t07,A_440-Scr-Ch-3_scaffold-3-4,XXXXXXXX,8
/not/used,F:145-Stp-Lc11-2_t07,A_440-Scr-Ch-3_scaffold-3-4,XXXXXXXX,8
/not/used,F:106-Stp-Fo3-2_t07,A_440-Scr-Ch-3_scaffold-3-4,XXXXXXXX,8
/not/used,F:128-Stp-Lc12-1_t07,A_440-Scr-Ch-3_scaffold-3-4,XXXXXXXX,8
/not/used,F:129-Stp-Lc12-1_t07,A_440-Scr-Ch-3_scaffold-3-4,XXXXXXXX,8
/not/used,F:109-Stp-Fo6-4_t07,A_440-Scr-Ch-3_scaffold-3-4,XXXXXXXX,8
/not/used,F:127-Stp-Lc12-3_t07,A_440-Scr-Ch-3_scaffold-3-4,XXXXXXXX,8
/not/used,F:120-Stp-Lc11-3_t07,A_440-Scr-Ch-3_scaffold-3-4,XXXXXXXX,8
/not/used,F:114-Stp-Lc7-3_t07,A_440-Scr-Ch-3_scaffold-3-4,XXXXXXXX,8
/not/used,F:109-Stp-Fo6-2_t07,A_440-Scr-Ch-3_scaffold-3-4,XXXXXXXX,8
/not/used,F:102-Stp-Fo1-2_t07,A_440-Scr-Ch-3_scaffold-3-4,XXXXXXXX,8
/not/used,I:339-Scr-clNo-4_t11,A_440-Scr-Ch-3_scaffold-3-4,XXXXXXXX,9
/not/used,I:336-Scr-trBa-2_t11,A_440-Scr-Ch-3_scaffold-3-4,XXXXXXXX,9
/not/used,I:339-Scr-clNo-3_t11,A_440-Scr-Ch-3_scaffold-3-4,XXXXXXXX,9
/not/used,I:339-Scr-clNo-1_t11,A_440-Scr-Ch-3_scaffold-3-4,XXXXXXXX,9
/not/used,I:336-Scr-trBa-4_t11,A_440-Scr-Ch-3_scaffold-3-4,XXXXXXXX,9
/not/used,I:336-Scr-trBa-3_t11,A_440-Scr-Ch-3_scaffold-3-4,XXXXXXXX,9
/not/used,I:336-Scr-trBa-1_t11,A_440-Scr-Ch-3_scaffold-3-4,XXXXXXXX,9
/not/used,I:333-Scr-crRc-4_t11,A_440-Scr-Ch-3_scaffold-3-4,XXXXXXXX,9
/not/used,I:333-Scr-crRc-3_t11,A_440-Scr-Ch-3_scaffold-3-4,XXXXXXXX,9
/not/used,I:333-Scr-crRc-1_t11,A_440-Scr-Ch-3_scaffold-3-4,XXXXXXXX,9
/not/used,I:334-Scr-clLc-1_t11,A_440-Scr-Ch-3_scaffold-3-4,XXXXXXXX,9
/not/used,I:333-Scr-crRc-2_t11,A_440-Scr-Ch-3_scaffold-3-4,XXXXXXXX,9
/not/used,I:332-Scr-Lc-4_t11,A_440-Scr-Ch-3_scaffold-3-4,XXXXXXXX,9
/not/used,I:332-Scr-Lc-3_t11,A_440-Scr-Ch-3_scaffold-3-4,XXXXXXXX,9
/not/used,I:331-Scr-Rc-5_t11,A_440-Scr-Ch-3_scaffold-3-4,XXXXXXXX,9
/not/used,I:330-Scr-Fo-2_t11,A_440-Scr-Ch-3_scaffold-3-4,XXXXXXXX,9
/not/used,I:340-Scr-ccBa-6_t11,A_440-Scr-Ch-3_scaffold-3-4,XXXXXXXX,9
/not/used,I:340-Scr-ccBa-1_t11,A_440-Scr-Ch-3_scaffold-3-4,XXXXXXXX,9
/not/used,I:340-Scr-ccBa-4_t11,A_440-Scr-Ch-3_scaffold-3-4,XXXXXXXX,9
/not/used,I:340-Scr-ccBa-3_t11,A_440-Scr-Ch-3_scaffold-3-4,XXXXXXXX,9
/not/used,Q:396-Ext-tlBaB-1_t15,A_440-Scr-Ch-3_scaffold-3-4,XXXXXXXX,10
/not/used,Q:403-Scr-ccBa-4_t15,A_440-Scr-Ch-3_scaffold-3-4,XXXXXXXX,10
/not/used,Q:404-Scr-Lc-4_t15,A_440-Scr-Ch-3_scaffold-3-4,XXXXXXXX,10
/not/used,Q:403-Scr-ccBa-1_t15,A_440-Scr-Ch-3_scaffold-3-4,XXXXXXXX,10
/not/used,Q:402-Scr-tlBa-8_t15,A_440-Scr-Ch-3_scaffold-3-4,XXXXXXXX,10
/not/used,Q:402-Scr-tlBa-7_t15,A_440-Scr-Ch-3_scaffold-3-4,XXXXXXXX,10
/not/used,Q:400-Scr-tcBa-4_t15,A_440-Scr-Ch-3_scaffold-3-4,XXXXXXXX,10
/not/used,Q:400-Scr-tcBa-3_t15,A_440-Scr-Ch-3_scaffold-3-4,XXXXXXXX,10
/not/used,Q:400-Scr-tcBa-2_t15,A_440-Scr-Ch-3_scaffold-3-4,XXXXXXXX,10
/not/used,Q:397-Ext-tcBaB-5_t15,A_440-Scr-Ch-3_scaffold-3-4,XXXXXXXX,10
/not/used,Q:397-Ext-tcBaB-4_t15,A_440-Scr-Ch-3_scaffold-3-4,XXXXXXXX,10
/not/used,Q:397-Ext-tcBaB-2_t15,A_440-Scr-Ch-3_scaffold-3-4,XXXXXXXX,10
/not/used,Q:399-Ext-ccBaB-3_t15,A_440-Scr-Ch-3_scaffold-3-4,XXXXXXXX,10
/not/used,Q:399-Ext-ccBaB-2_t15,A_440-Scr-Ch-3_scaffold-3-4,XXXXXXXX,10
/not/used,Q:397-Ext-tcBaB-3_t15,A_440-Scr-Ch-3_scaffold-3-4,XXXXXXXX,10
/not/used,Q:397-Ext-tcBaB-1_t15,A_440-Scr-Ch-3_scaffold-3-4,XXXXXXXX,10
/not/used,Q:398-Ext-tlBaB-2_t15,A_440-Scr-Ch-3_scaffold-3-4,XXXXXXXX,10
/not/used,Q:398-Ext-tlBaB-1_t15,A_440-Scr-Ch-3_scaffold-3-4,XXXXXXXX,10
/not/used,Q:395-Ext-trBaB-1_t15,A_440-Scr-Ch-3_scaffold-3-4,XXXXXXXX,10
/not/used,Q:396-Ext-tlBaB-2_t15,A_440-Scr-Ch-3_scaffold-3-4,XXXXXXXX,10
/not/used,J:326-Scr-clNo-6_t11,A_440-Scr-Ch-3_scaffold-3-4,XXXXXXXX,11
/not/used,J:323-Scr-Rc-7_t11,A_440-Scr-Ch-3_scaffold-3-4,XXXXXXXX,11
/not/used,J:329-Scr-tlBa-2_t11,A_440-Scr-Ch-3_scaffold-3-4,XXXXXXXX,11
/not/used,J:326-Scr-clNo-5_t11,A_440-Scr-Ch-3_scaffold-3-4,XXXXXXXX,11
/not/used,J:322-Scr-Fo-5_t11,A_440-Scr-Ch-3_scaffold-3-4,XXXXXXXX,11
/not/used,J:326-Scr-clNo-4_t11,A_440-Scr-Ch-3_scaffold-3-4,XXXXXXXX,11
/not/used,J:322-Scr-Fo-4_t11,A_440-Scr-Ch-3_scaffold-3-4,XXXXXXXX,11
/not/used,J:326-Scr-clNo-3_t11,A_440-Scr-Ch-3_scaffold-3-4,XXXXXXXX,11
/not/used,J:326-Scr-clNo-2_t11,A_440-Scr-Ch-3_scaffold-3-4,XXXXXXXX,11
/not/used,J:322-Scr-Fo-2_t11,A_440-Scr-Ch-3_scaffold-3-4,XXXXXXXX,11
/not/used,J:326-Scr-clNo-1_t11,A_440-Scr-Ch-3_scaffold-3-4,XXXXXXXX,11
/not/used,J:327-Scr-Ch-1_t11,A_440-Scr-Ch-3_scaffold-3-4,XXXXXXXX,11
/not/used,J:323-Scr-Rc-5_t11,A_440-Scr-Ch-3_scaffold-3-4,XXXXXXXX,11
/not/used,J:327-Scr-Ch-3_t11,A_440-Scr-Ch-3_scaffold-3-4,XXXXXXXX,11
/not/used,J:323-Scr-Rc-1_t11,A_440-Scr-Ch-3_scaffold-3-4,XXXXXXXX,11
/not/used,J:327-Scr-Ch-2_t11,A_440-Scr-Ch-3_scaffold-3-4,XXXXXXXX,11
/not/used,J:323-Scr-Rc-2_t11,A_440-Scr-Ch-3_scaffold-3-4,XXXXXXXX,11
/not/used,B:310-Scr-tlBa-1_t11,A_440-Scr-Ch-3_scaffold-3-4,XXXXXXXX,12
/not/used,B:310-Scr-tlBa-2_t11,A_440-Scr-Ch-3_scaffold-3-4,XXXXXXXX,12
/not/used,B:304-Scr-Lc-4_t11,A_440-Scr-Ch-3_scaffold-3-4,XXXXXXXX,12
/not/used,B:309-Scr-trBa-3_t11,A_440-Scr-Ch-3_scaffold-3-4,XXXXXXXX,12
/not/used,B:307-Scr-crNo-4_t11,A_440-Scr-Ch-3_scaffold-3-4,XXXXXXXX,12
/not/used,B:308-Scr-clNo-4_t11,A_440-Scr-Ch-3_scaffold-3-4,XXXXXXXX,12
/not/used,B:074-Scr-tlBa-1_t00,A_440-Scr-Ch-3_scaffold-3-4,XXXXXXXX,12
/not/used,B:074-Scr-tlBa-3_t00,A_440-Scr-Ch-3_scaffold-3-4,XXXXXXXX,12
/not/used,B:074-Scr-tlBa-4_t00,A_440-Scr-Ch-3_scaffold-3-4,XXXXXXXX,12
/not/used,B:083-Ext-crNoBs-2_t00,A_440-Scr-Ch-3_scaffold-3-4,XXXXXXXX,12
/not/used,B:078-Ext-trFoBp-1_t00,A_440-Scr-Ch-3_scaffold-3-4,XXXXXXXX,12
/not/used,B:077-Scr-brBa-1_t00,A_440-Scr-Ch-3_scaffold-3-4,XXXXXXXX,12
/not/used,B:076-Scr-blBa-4_t00,A_440-Scr-Ch-3_scaffold-3-4,XXXXXXXX,12
/not/used,B:076-Scr-blBa-3_t00,A_440-Scr-Ch-3_scaffold-3-4,XXXXXXXX,12
/not/used,B:303-Scr-Rc-4_t11,A_440-Scr-Ch-3_scaffold-3-4,XXXXXXXX,13
/not/used,B:304-Scr-Lc-5_t11,A_440-Scr-Ch-3_scaffold-3-4,XXXXXXXX,13
/not/used,B:308-Scr-clNo-5_t11,A_440-Scr-Ch-3_scaffold-3-4,XXXXXXXX,13
/not/used,B:091-Ext-blNoBs-3_t00,A_440-Scr-Ch-3_scaffold-3-4,XXXXXXXX,13
/not/used,B:091-Ext-blNoBs-2_t00,A_440-Scr-Ch-3_scaffold-3-4,XXXXXXXX,13
/not/used,B:082-Ext-clNoBs-2_t00,A_440-Scr-Ch-3_scaffold-3-4,XXXXXXXX,13
/not/used,B:080-Ext-RcBs-3_t00,A_440-Scr-Ch-3_scaffold-3-4,XXXXXXXX,13
/not/used,B:080-Ext-RcBs-1_t00,A_440-Scr-Ch-3_scaffold-3-4,XXXXXXXX,13
/not/used,B:072-Scr-Rc-4_t00,A_440-Scr-Ch-3_scaffold-3-4,XXXXXXXX,13
/not/used,B:072-Scr-Rc-3_t00,A_440-Scr-Ch-3_scaffold-3-4,XXXXXXXX,13
/not/used,B:071-Scr-Lc-3_t00,A_440-Scr-Ch-3_scaffold-3-4,XXXXXXXX,13
/not/used,B:071-Scr-Lc-2_t00,A_440-Scr-Ch-3_scaffold-3-4,XXXXXXXX,13
/not/used,R:410-Ext-blFoBs-2_t15,A_440-Scr-Ch-3_scaffold-3-4,XXXXXXXX,14
/not/used,R:405-Ext-tlLcB-3_t15,A_440-Scr-Ch-3_scaffold-3-4,XXXXXXXX,14
/not/used,R:405-Ext-tlLcB-1_t15,A_440-Scr-Ch-3_scaffold-3-4,XXXXXXXX,14
/not/used,R:407-Ext-ChB-6_t15,A_440-Scr-Ch-3_scaffold-3-4,XXXXXXXX,14
/not/used,R:407-Ext-ChB-5_t15,A_440-Scr-Ch-3_scaffold-3-4,XXXXXXXX,14
/not/used,R:407-Ext-ChB-4_t15,A_440-Scr-Ch-3_scaffold-3-4,XXXXXXXX,14
/not/used,R:407-Ext-ChB-3_t15,A_440-Scr-Ch-3_scaffold-3-4,XXXXXXXX,14
/not/used,R:406-Ext-ChB-5_t15,A_440-Scr-Ch-3_scaffold-3-4,XXXXXXXX,14
/not/used,R:406-Ext-ChB-3_t15,A_440-Scr-Ch-3_scaffold-3-4,XXXXXXXX,14
/not/used,R:410-Ext-blFoBs-5_t15,A_440-Scr-Ch-3_scaffold-3-4,XXXXXXXX,14
/not/used,R:410-Ext-blFoBs-4_t15,A_440-Scr-Ch-3_scaffold-3-4,XXXXXXXX,14
/not/used,N:372-Scr-tlBa-6_t11,A_440-Scr-Ch-3_scaffold-3-4,XXXXXXXX,15
/not/used,N:365-Scr-Fo-4_t11,A_440-Scr-Ch-3_scaffold-3-4,XXXXXXXX,15
/not/used,N:365-Scr-Fo-3_t11,A_440-Scr-Ch-3_scaffold-3-4,XXXXXXXX,15
/not/used,N:365-Scr-Fo-2_t11,A_440-Scr-Ch-3_scaffold-3-4,XXXXXXXX,15
/not/used,N:372-Scr-tlBa-3_t11,A_440-Scr-Ch-3_scaffold-3-4,XXXXXXXX,15
/not/used,N:372-Scr-tlBa-2_t11,A_440-Scr-Ch-3_scaffold-3-4,XXXXXXXX,15
/not/used,N:372-Scr-tlBa-1_t11,A_440-Scr-Ch-3_scaffold-3-4,XXXXXXXX,15
/not/used,N:369-Scr-clNo-4_t11,A_440-Scr-Ch-3_scaffold-3-4,XXXXXXXX,15
/not/used,N:371-Scr-trBa-4_t11,A_440-Scr-Ch-3_scaffold-3-4,XXXXXXXX,15
/not/used,N:371-Scr-trBa-2_t11,A_440-Scr-Ch-3_scaffold-3-4,XXXXXXXX,15
/not/used,Q:404-Scr-Lc-1_t15,A_440-Scr-Ch-3_scaffold-3-4,XXXXXXXX,16
/not/used,Q:402-Scr-tlBa-5_t15,A_440-Scr-Ch-3_scaffold-3-4,XXXXXXXX,16
/not/used,Q:402-Scr-tlBa-4_t15,A_440-Scr-Ch-3_scaffold-3-4,XXXXXXXX,16
/not/used,Q:401-Scr-trBa-4_t15,A_440-Scr-Ch-3_scaffold-3-4,XXXXXXXX,16
/not/used,Q:401-Scr-trBa-2_t15,A_440-Scr-Ch-3_scaffold-3-4,XXXXXXXX,16
/not/used,Q:394-Ext-clChB-5_t15,A_440-Scr-Ch-3_scaffold-3-4,XXXXXXXX,16
/not/used,Q:400-Scr-tcBa-5_t15,A_440-Scr-Ch-3_scaffold-3-4,XXXXXXXX,16
/not/used,Q:394-Ext-clChB-4_t15,A_440-Scr-Ch-3_scaffold-3-4,XXXXXXXX,16
/not/used,Q:394-Ext-clChB-3_t15,A_440-Scr-Ch-3_scaffold-3-4,XXXXXXXX,16
/not/used,Q:394-Ext-clChB-1_t15,A_440-Scr-Ch-3_scaffold-3-4,XXXXXXXX,16
/not/used,K:344-Scr-crNo-5_t11,A_440-Scr-Ch-3_scaffold-3-4,XXXXXXXX,17
/not/used,K:344-Scr-crNo-4_t11,A_440-Scr-Ch-3_scaffold-3-4,XXXXXXXX,17
/not/used,K:345-Scr-clNo-5_t11,A_440-Scr-Ch-3_scaffold-3-4,XXXXXXXX,17
/not/used,K:345-Scr-clNo-4_t11,A_440-Scr-Ch-3_scaffold-3-4,XXXXXXXX,17
/not/used,K:345-Scr-clNo-2_t11,A_440-Scr-Ch-3_scaffold-3-4,XXXXXXXX,17
/not/used,K:345-Scr-clNo-1_t11,A_440-Scr-Ch-3_scaffold-3-4,XXXXXXXX,17
/not/used,K:343-Scr-Lc-4_t11,A_440-Scr-Ch-3_scaffold-3-4,XXXXXXXX,17
/not/used,K:343-Scr-Lc-3_t11,A_440-Scr-Ch-3_scaffold-3-4,XXXXXXXX,17
/not/used,K:342-Scr-Rc-3_t11,A_440-Scr-Ch-3_scaffold-3-4,XXXXXXXX,17
/not/used,R:407-Ext-ChB-2_t15,A_440-Scr-Ch-3_scaffold-3-4,XXXXXXXX,18
/not/used,R:408-Ext-ccRcB-8_t15,A_440-Scr-Ch-3_scaffold-3-4,XXXXXXXX,18
/not/used,R:408-Ext-ccRcB-6_t15,A_440-Scr-Ch-3_scaffold-3-4,XXXXXXXX,18
/not/used,R:408-Ext-ccRcB-5_t15,A_440-Scr-Ch-3_scaffold-3-4,XXXXXXXX,18
/not/used,R:408-Ext-ccRcB-7_t15,A_440-Scr-Ch-3_scaffold-3-4,XXXXXXXX,18
/not/used,R:408-Ext-ccRcB-4_t15,A_440-Scr-Ch-3_scaffold-3-4,XXXXXXXX,18
/not/used,R:408-Ext-ccRcB-3_t15,A_440-Scr-Ch-3_scaffold-3-4,XXXXXXXX,18
/not/used,R:408-Ext-ccRcB-2_t15,A_440-Scr-Ch-3_scaffold-3-4,XXXXXXXX,18
/not/used,R:408-Ext-ccRcB-1_t15,A_440-Scr-Ch-3_scaffold-3-4,XXXXXXXX,18
/not/used,A:411-Scr-Fo-3_t35,A_440-Scr-Ch-3_scaffold-3-4,XXXXXXXX,19
/not/used,A:411-Scr-Fo-4_t35,A_440-Scr-Ch-3_scaffold-3-4,XXXXXXXX,19
/not/used,A:411-Scr-Fo-5_t35,A_440-Scr-Ch-3_scaffold-3-4,XXXXXXXX,19
/not/used,A:411-Scr-Fo-7_t35,A_440-Scr-Ch-3_scaffold-3-4,XXXXXXXX,19
/not/used,A:411-Scr-Fo-9_t35,A_440-Scr-Ch-3_scaffold-3-4,XXXXXXXX,19
/not/used,A:418-Scr-brBa-1_t35,A_440-Scr-Ch-3_scaffold-3-4,XXXXXXXX,19
/not/used,A:411-Scr-Fo-10_t35,A_440-Scr-Ch-3_scaffold-3-4,XXXXXXXX,19
/not/used,A:411-Scr-Fo-11_t35,A_440-Scr-Ch-3_scaffold-3-4,XXXXXXXX,19
/not/used,B:311-Scr-ccCh-2_t11,A_440-Scr-Ch-3_scaffold-3-4,XXXXXXXX,20
/not/used,B:311-Scr-ccCh-3_t11,A_440-Scr-Ch-3_scaffold-3-4,XXXXXXXX,20
/not/used,B:311-Scr-ccCh-4_t11,A_440-Scr-Ch-3_scaffold-3-4,XXXXXXXX,20
/not/used,B:306-Scr-clCh-3_t11,A_440-Scr-Ch-3_scaffold-3-4,XXXXXXXX,20
/not/used,B:306-Scr-clCh-4_t11,A_440-Scr-Ch-3_scaffold-3-4,XXXXXXXX,20
/not/used,B:080-Ext-RcBs-2_t00,A_440-Scr-Ch-3_scaffold-3-4,XXXXXXXX,20
/not/used,B:090-Ext-crChBs-3_t00,A_440-Scr-Ch-3_scaffold-3-4,XXXXXXXX,20
/not/used,F:118-Stp-Lc8-3_t07,A_440-Scr-Ch-3_scaffold-3-4,XXXXXXXX,21
/not/used,F:117-Stp-Lc11-3_t07,A_440-Scr-Ch-3_scaffold-3-4,XXXXXXXX,21
/not/used,F:125-Stp-Lc12-3_t07,A_440-Scr-Ch-3_scaffold-3-4,XXXXXXXX,21
/not/used,F:118-Stp-Lc8-1_t07,A_440-Scr-Ch-3_scaffold-3-4,XXXXXXXX,21
/not/used,F:117-Stp-Lc11-1_t07,A_440-Scr-Ch-3_scaffold-3-4,XXXXXXXX,21
/not/used,F:125-Stp-Lc12-1_t07,A_440-Scr-Ch-3_scaffold-3-4,XXXXXXXX,21
/not/used,F:119-Stp-Lc12-1_t07,A_440-Scr-Ch-3_scaffold-3-4,XXXXXXXX,21
/not/used,M:353-Scr-clNo-6_t11,A_440-Scr-Ch-3_scaffold-3-4,XXXXXXXX,22
/not/used,M:354-Scr-Ch-1_t11,A_440-Scr-Ch-3_scaffold-3-4,XXXXXXXX,22
/not/used,M:353-Scr-clNo-2_t11,A_440-Scr-Ch-3_scaffold-3-4,XXXXXXXX,22
/not/used,M:353-Scr-clNo-1_t11,A_440-Scr-Ch-3_scaffold-3-4,XXXXXXXX,22
/not/used,M:352-Scr-crNo-6_t11,A_440-Scr-Ch-3_scaffold-3-4,XXXXXXXX,22
/not/used,M:352-Scr-crNo-1_t11,A_440-Scr-Ch-3_scaffold-3-4,XXXXXXXX,22
/not/used,N:366-Scr-Rc-4_t11,A_440-Scr-Ch-3_scaffold-3-4,XXXXXXXX,23
/not/used,N:366-Scr-Rc-3_t11,A_440-Scr-Ch-3_scaffold-3-4,XXXXXXXX,23
/not/used,N:366-Scr-Rc-2_t11,A_440-Scr-Ch-3_scaffold-3-4,XXXXXXXX,23
/not/used,N:366-Scr-Rc-1_t11,A_440-Scr-Ch-3_scaffold-3-4,XXXXXXXX,23
/not/used,N:368-Scr-crNo-5_t11,A_440-Scr-Ch-3_scaffold-3-4,XXXXXXXX,23
/not/used,N:368-Scr-crNo-1_t11,A_440-Scr-Ch-3_scaffold-3-4,XXXXXXXX,23
/not/used,O:383-Scr-Lc-6_t11,A_440-Scr-Ch-3_scaffold-3-4,XXXXXXXX,24
/not/used,O:383-Scr-Lc-5_t11,A_440-Scr-Ch-3_scaffold-3-4,XXXXXXXX,24
/not/used,O:383-Scr-Lc-3_t11,A_440-Scr-Ch-3_scaffold-3-4,XXXXXXXX,24
/not/used,O:383-Scr-Lc-2_t11,A_440-Scr-Ch-3_scaffold-3-4,XXXXXXXX,24
/not/used,O:383-Scr-Lc-1_t11,A_440-Scr-Ch-3_scaffold-3-4,XXXXXXXX,24
/not/used,O:384-Scr-crNo-1_t11,A_440-Scr-Ch-3_scaffold-3-4,XXXXXXXX,24
/not/used,M:349-Scr-Fo-6_t11,A_440-Scr-Ch-3_scaffold-3-4,XXXXXXXX,25
/not/used,M:349-Scr-Fo-1_t11,A_440-Scr-Ch-3_scaffold-3-4,XXXXXXXX,25
/not/used,M:349-Scr-Fo-3_t11,A_440-Scr-Ch-3_scaffold-3-4,XXXXXXXX,25
/not/used,M:349-Scr-Fo-2_t11,A_440-Scr-Ch-3_scaffold-3-4,XXXXXXXX,25
/not/used,M:350-Scr-Rc-4_t11,A_440-Scr-Ch-3_scaffold-3-4,XXXXXXXX,25
/not/used,O:386-Scr-Ch-6_t11,A_440-Scr-Ch-3_scaffold-3-4,XXXXXXXX,26
/not/used,O:386-Scr-Ch-3_t11,A_440-Scr-Ch-3_scaffold-3-4,XXXXXXXX,26
/not/used,O:385-Scr-clNo-1_t11,A_440-Scr-Ch-3_scaffold-3-4,XXXXXXXX,26
/not/used,O:383-Scr-Lc-4_t11,A_440-Scr-Ch-3_scaffold-3-4,XXXXXXXX,26
/not/used,O:384-Scr-crNo-2_t11,A_440-Scr-Ch-3_scaffold-3-4,XXXXXXXX,26
/not/used,I:338-Scr-crNo-1_t11,A_440-Scr-Ch-3_scaffold-3-4,XXXXXXXX,27
/not/used,I:334-Scr-clLc-4_t11,A_440-Scr-Ch-3_scaffold-3-4,XXXXXXXX,27
/not/used,I:334-Scr-clLc-3_t11,A_440-Scr-Ch-3_scaffold-3-4,XXXXXXXX,27
/not/used,I:331-Scr-Rc-6_t11,A_440-Scr-Ch-3_scaffold-3-4,XXXXXXXX,27
/not/used,I:330-Scr-Fo-6_t11,A_440-Scr-Ch-3_scaffold-3-4,XXXXXXXX,27
/not/used,K:345-Scr-clNo-6_t11,A_440-Scr-Ch-3_scaffold-3-4,XXXXXXXX,28
/not/used,K:344-Scr-crNo-2_t11,A_440-Scr-Ch-3_scaffold-3-4,XXXXXXXX,28
/not/used,K:344-Scr-crNo-1_t11,A_440-Scr-Ch-3_scaffold-3-4,XXXXXXXX,28
/not/used,K:343-Scr-Lc-2_t11,A_440-Scr-Ch-3_scaffold-3-4,XXXXXXXX,28
/not/used,K:342-Scr-Rc-2_t11,A_440-Scr-Ch-3_scaffold-3-4,XXXXXXXX,28
/not/used,B:303-Scr-Rc-1_t11,A_440-Scr-Ch-3_scaffold-3-4,XXXXXXXX,29
/not/used,B:087-Ext-brNoBs-4_t00,A_440-Scr-Ch-3_scaffold-3-4,XXXXXXXX,29
/not/used,B:082-Ext-clNoBs-4_t00,A_440-Scr-Ch-3_scaffold-3-4,XXXXXXXX,29
/not/used,B:082-Ext-clNoBs-1_t00,A_440-Scr-Ch-3_scaffold-3-4,XXXXXXXX,29
/not/used,B:070-Scr-Fo-2_t00,A_440-Scr-Ch-3_scaffold-3-4,XXXXXXXX,29
/not/used,D:062-Scr-tlBa-1_t00,A_440-Scr-Ch-3_scaffold-3-4,XXXXXXXX,30
/not/used,D:062-Scr-tlBa-2_t00,A_440-Scr-Ch-3_scaffold-3-4,XXXXXXXX,30
/not/used,D:062-Scr-tlBa-3_t00,A_440-Scr-Ch-3_scaffold-3-4,XXXXXXXX,30
/not/used,D:058-Scr-Fo-1_t00,A_440-Scr-Ch-3_scaffold-3-4,XXXXXXXX,30
/not/used,D:060-Scr-Rc-4_t00,A_440-Scr-Ch-3_scaffold-3-4,XXXXXXXX,30
/not/used,R:409-Ext-ccLcBs-5_t15,A_440-Scr-Ch-3_scaffold-3-4,XXXXXXXX,31
/not/used,R:409-Ext-ccLcBs-4_t15,A_440-Scr-Ch-3_scaffold-3-4,XXXXXXXX,31
/not/used,R:409-Ext-ccLcBs-3_t15,A_440-Scr-Ch-3_scaffold-3-4,XXXXXXXX,31
/not/used,R:409-Ext-ccLcBs-2_t15,A_440-Scr-Ch-3_scaffold-3-4,XXXXXXXX,31
/not/used,R:409-Ext-ccLcBs-1_t15,A_440-Scr-Ch-3_scaffold-3-4,XXXXXXXX,31
/not/used,Q:404-Scr-Lc-2_t15,A_440-Scr-Ch-3_scaffold-3-4,XXXXXXXX,32
/not/used,Q:395-Ext-trBaB-8_t15,A_440-Scr-Ch-3_scaffold-3-4,XXXXXXXX,32
/not/used,Q:395-Ext-trBaB-7_t15,A_440-Scr-Ch-3_scaffold-3-4,XXXXXXXX,32
/not/used,Q:395-Ext-trBaB-5_t15,A_440-Scr-Ch-3_scaffold-3-4,XXXXXXXX,32
/not/used,Q:395-Ext-trBaB-4_t15,A_440-Scr-Ch-3_scaffold-3-4,XXXXXXXX,32
/not/used,O:386-Scr-Ch-5_t11,A_440-Scr-Ch-3_scaffold-3-4,XXXXXXXX,33
/not/used,O:386-Scr-Ch-4_t11,A_440-Scr-Ch-3_scaffold-3-4,XXXXXXXX,33
/not/used,O:386-Scr-Ch-1_t11,A_440-Scr-Ch-3_scaffold-3-4,XXXXXXXX,33
/not/used,O:381-Scr-Fo-3_t11,A_440-Scr-Ch-3_scaffold-3-4,XXXXXXXX,33
/not/used,K:341-Scr-Fo-5_t11,A_440-Scr-Ch-3_scaffold-3-4,XXXXXXXX,34
/not/used,K:341-Scr-Fo-4_t11,A_440-Scr-Ch-3_scaffold-3-4,XXXXXXXX,34
/not/used,K:341-Scr-Fo-3_t11,A_440-Scr-Ch-3_scaffold-3-4,XXXXXXXX,34
/not/used,K:341-Scr-Fo-2_t11,A_440-Scr-Ch-3_scaffold-3-4,XXXXXXXX,34
/not/used,B:308-Scr-clNo-1_t11,A_440-Scr-Ch-3_scaffold-3-4,XXXXXXXX,35
/not/used,B:308-Scr-clNo-2_t11,A_440-Scr-Ch-3_scaffold-3-4,XXXXXXXX,35
/not/used,B:308-Scr-clNo-3_t11,A_440-Scr-Ch-3_scaffold-3-4,XXXXXXXX,35
/not/used,B:082-Ext-clNoBs-3_t00,A_440-Scr-Ch-3_scaffold-3-4,XXXXXXXX,35
/not/used,B:309-Scr-trBa-2_t11,A_440-Scr-Ch-3_scaffold-3-4,XXXXXXXX,36
/not/used,B:075-Scr-trBa-1_t00,A_440-Scr-Ch-3_scaffold-3-4,XXXXXXXX,36
/not/used,B:092-Scr-Nk-1_t00,A_440-Scr-Ch-3_scaffold-3-4,XXXXXXXX,36
/not/used,B:092-Scr-Nk-2_t00,A_440-Scr-Ch-3_scaffold-3-4,XXXXXXXX,36
/not/used,F:190-Scr-crSh-3_t07,A_440-Scr-Ch-3_scaffold-3-4,XXXXXXXX,37
/not/used,F:139-Stp-Lc14-3_t07,A_440-Scr-Ch-3_scaffold-3-4,XXXXXXXX,37
/not/used,F:139-Stp-Lc14-2_t07,A_440-Scr-Ch-3_scaffold-3-4,XXXXXXXX,37
/not/used,F:139-Stp-Lc14-1_t07,A_440-Scr-Ch-3_scaffold-3-4,XXXXXXXX,37
/not/used,E:096-Scr-Ch-4_t00,A_440-Scr-Ch-3_scaffold-3-4,XXXXXXXX,38
/not/used,E:094-Scr-Lc-4_t00,A_440-Scr-Ch-3_scaffold-3-4,XXXXXXXX,38
/not/used,E:093-Scr-Fo-4_t00,A_440-Scr-Ch-3_scaffold-3-4,XXXXXXXX,38
/not/used,E:093-Scr-Fo-3_t00,A_440-Scr-Ch-3_scaffold-3-4,XXXXXXXX,38
/not/used,C:052-Scr-Rc-4_t00,A_440-Scr-Ch-3_scaffold-3-4,XXXXXXXX,39
/not/used,C:052-Scr-Rc-2_t00,A_440-Scr-Ch-3_scaffold-3-4,XXXXXXXX,39
/not/used,C:052-Scr-Rc-1_t00,A_440-Scr-Ch-3_scaffold-3-4,XXXXXXXX,39
/not/used,C:050-Scr-Fo-4_t00,A_440-Scr-Ch-3_scaffold-3-4,XXXXXXXX,39
/not/used,R:406-Ext-ChB-7_t15,A_440-Scr-Ch-3_scaffold-3-4,XXXXXXXX,40
/not/used,R:406-Ext-ChB-6_t15,A_440-Scr-Ch-3_scaffold-3-4,XXXXXXXX,40
/not/used,R:406-Ext-ChB-2_t15,A_440-Scr-Ch-3_scaffold-3-4,XXXXXXXX,40
/not/used,R:406-Ext-ChB-1_t15,A_440-Scr-Ch-3_scaffold-3-4,XXXXXXXX,40
/not/used,D:061-Scr-Ch-3_t00,A_440-Scr-Ch-3_scaffold-3-4,XXXXXXXX,41
/not/used,D:058-Scr-Fo-2_t00,A_440-Scr-Ch-3_scaffold-3-4,XXXXXXXX,41
/not/used,D:058-Scr-Fo-3_t00,A_440-Scr-Ch-3_scaffold-3-4,XXXXXXXX,41
/not/used,D:058-Scr-Fo-4_t00,A_440-Scr-Ch-3_scaffold-3-4,XXXXXXXX,41
/not/used,D:059-Scr-Lc-2_t00,A_440-Scr-Ch-3_scaffold-3-4,XXXXXXXX,42
/not/used,D:059-Scr-Lc-3_t00,A_440-Scr-Ch-3_scaffold-3-4,XXXXXXXX,42
/not/used,D:060-Scr-Rc-1_t00,A_440-Scr-Ch-3_scaffold-3-4,XXXXXXXX,42
/not/used,D:060-Scr-Rc-3_t00,A_440-Scr-Ch-3_scaffold-3-4,XXXXXXXX,42
/not/used,O:385-Scr-clNo-6_t11,A_440-Scr-Ch-3_scaffold-3-4,XXXXXXXX,43
/not/used,O:385-Scr-clNo-5_t11,A_440-Scr-Ch-3_scaffold-3-4,XXXXXXXX,43
/not/used,O:385-Scr-clNo-4_t11,A_440-Scr-Ch-3_scaffold-3-4,XXXXXXXX,43
/not/used,M:353-Scr-clNo-5_t11,A_440-Scr-Ch-3_scaffold-3-4,XXXXXXXX,44
/not/used,M:352-Scr-crNo-4_t11,A_440-Scr-Ch-3_scaffold-3-4,XXXXXXXX,44
/not/used,M:352-Scr-crNo-3_t11,A_440-Scr-Ch-3_scaffold-3-4,XXXXXXXX,44
/not/used,O:381-Scr-Fo-4_t11,A_440-Scr-Ch-3_scaffold-3-4,XXXXXXXX,45
/not/used,O:381-Scr-Fo-2_t11,A_440-Scr-Ch-3_scaffold-3-4,XXXXXXXX,45
/not/used,O:381-Scr-Fo-1_t11,A_440-Scr-Ch-3_scaffold-3-4,XXXXXXXX,45
/not/used,M:350-Scr-Rc-1_t11,A_440-Scr-Ch-3_scaffold-3-4,XXXXXXXX,46
/not/used,M:350-Scr-Rc-3_t11,A_440-Scr-Ch-3_scaffold-3-4,XXXXXXXX,46
/not/used,M:350-Scr-Rc-2_t11,A_440-Scr-Ch-3_scaffold-3-4,XXXXXXXX,46
/not/used,B:310-Scr-tlBa-4_t11,A_440-Scr-Ch-3_scaffold-3-4,XXXXXXXX,47
/not/used,B:310-Scr-tlBa-5_t11,A_440-Scr-Ch-3_scaffold-3-4,XXXXXXXX,47
/not/used,B:092-Scr-Nk-3_t00,A_440-Scr-Ch-3_scaffold-3-4,XXXXXXXX,47
/not/used,B:309-Scr-trBa-6_t11,A_440-Scr-Ch-3_scaffold-3-4,XXXXXXXX,48
/not/used,B:078-Ext-trFoBp-3_t00,A_440-Scr-Ch-3_scaffold-3-4,XXXXXXXX,48
/not/used,B:078-Ext-trFoBp-2_t00,A_440-Scr-Ch-3_scaffold-3-4,XXXXXXXX,48
/not/used,F:182-Scr-Lc-2_t07,A_440-Scr-Ch-3_scaffold-3-4,XXXXXXXX,49
/not/used,F:190-Scr-crSh-1_t07,A_440-Scr-Ch-3_scaffold-3-4,XXXXXXXX,49
/not/used,F:185-Scr-Fo-1_t07,A_440-Scr-Ch-3_scaffold-3-4,XXXXXXXX,49
/not/used,C:057-Scr-brBa-4_t00,A_440-Scr-Ch-3_scaffold-3-4,XXXXXXXX,50
/not/used,C:057-Scr-brBa-3_t00,A_440-Scr-Ch-3_scaffold-3-4,XXXXXXXX,50
/not/used,C:055-Scr-trBa-3_t00,A_440-Scr-Ch-3_scaffold-3-4,XXXXXXXX,50
/not/used,Q:401-Scr-trBa-3_t15,A_440-Scr-Ch-3_scaffold-3-4,XXXXXXXX,51
/not/used,Q:401-Scr-trBa-1_t15,A_440-Scr-Ch-3_scaffold-3-4,XXXXXXXX,51
/not/used,Q:395-Ext-trBaB-3_t15,A_440-Scr-Ch-3_scaffold-3-4,XXXXXXXX,51
/not/used,A:012-Ext-ccRcBs-4_t00,A_440-Scr-Ch-3_scaffold-3-4,XXXXXXXX,52
/not/used,A:012-Ext-ccRcBs-2_t00,A_440-Scr-Ch-3_scaffold-3-4,XXXXXXXX,52
/not/used,A:012-Ext-ccRcBs-1_t00,A_440-Scr-Ch-3_scaffold-3-4,XXXXXXXX,52
/not/used,A:010-Ext-blFoW-4_t00,A_440-Scr-Ch-3_scaffold-3-4,XXXXXXXX,53
/not/used,A:010-Ext-blFoW-3_t00,A_440-Scr-Ch-3_scaffold-3-4,XXXXXXXX,53
/not/used,A:010-Ext-blFoW-1_t00,A_440-Scr-Ch-3_scaffold-3-4,XXXXXXXX,53
/not/used,O:388-Scr-tlBa-4_t11,A_440-Scr-Ch-3_scaffold-3-4,XXXXXXXX,0
/not/used,O:388-Scr-tlBa-3_t11,A_440-Scr-Ch-3_scaffold-3-4,XXXXXXXX,0
/not/used,O:388-Scr-tlBa-2_t11,A_440-Scr-Ch-3_scaffold-3-4,XXXXXXXX,0
/not/used,A:376-Scr-crNo-1_t11,A_440-Scr-Ch-3_scaffold-3-4,XXXXXXXX,0
/not/used,O:387-Scr-trBa-2_t11,A_440-Scr-Ch-3_scaffold-3-4,XXXXXXXX,0
/not/used,I:338-Scr-crNo-2_t11,A_440-Scr-Ch-3_scaffold-3-4,XXXXXXXX,0
/not/used,N:367-Scr-Lc-4_t11,A_440-Scr-Ch-3_scaffold-3-4,XXXXXXXX,0
/not/used,N:367-Scr-Lc-3_t11,A_440-Scr-Ch-3_scaffold-3-4,XXXXXXXX,0
/not/used,N:367-Scr-Lc-2_t11,A_440-Scr-Ch-3_scaffold-3-4,XXXXXXXX,0
/not/used,N:367-Scr-Lc-1_t11,A_440-Scr-Ch-3_scaffold-3-4,XXXXXXXX,0
/not/used,N:372-Scr-tlBa-5_t11,A_440-Scr-Ch-3_scaffold-3-4,XXXXXXXX,0
/not/used,K:344-Scr-crNo-3_t11,A_440-Scr-Ch-3_scaffold-3-4,XXXXXXXX,0
/not/used,M:353-Scr-clNo-4_t11,A_440-Scr-Ch-3_scaffold-3-4,XXXXXXXX,0
/not/used,N:372-Scr-tlBa-4_t11,A_440-Scr-Ch-3_scaffold-3-4,XXXXXXXX,0
/not/used,K:343-Scr-Lc-1_t11,A_440-Scr-Ch-3_scaffold-3-4,XXXXXXXX,0
/not/used,M:353-Scr-clNo-3_t11,A_440-Scr-Ch-3_scaffold-3-4,XXXXXXXX,0
/not/used,N:365-Scr-Fo-1_t11,A_440-Scr-Ch-3_scaffold-3-4,XXXXXXXX,0
/not/used,K:346-Scr-Ch-4_t11,A_440-Scr-Ch-3_scaffold-3-4,XXXXXXXX,0
/not/used,K:346-Scr-Ch-2_t11,A_440-Scr-Ch-3_scaffold-3-4,XXXXXXXX,0
/not/used,M:355-Scr-trBa-4_t11,A_440-Scr-Ch-3_scaffold-3-4,XXXXXXXX,0
/not/used,M:354-Scr-Ch-2_t11,A_440-Scr-Ch-3_scaffold-3-4,XXXXXXXX,0
/not/used,M:355-Scr-trBa-2_t11,A_440-Scr-Ch-3_scaffold-3-4,XXXXXXXX,0
/not/used,N:370-Scr-Ch-6_t11,A_440-Scr-Ch-3_scaffold-3-4,XXXXXXXX,0
/not/used,N:370-Scr-Ch-4_t11,A_440-Scr-Ch-3_scaffold-3-4,XXXXXXXX,0
/not/used,I:330-Scr-Fo-4_t11,A_440-Scr-Ch-3_scaffold-3-4,XXXXXXXX,0
/not/used,N:368-Scr-crNo-4_t11,A_440-Scr-Ch-3_scaffold-3-4,XXXXXXXX,0
/not/used,K:341-Scr-Fo-1_t11,A_440-Scr-Ch-3_scaffold-3-4,XXXXXXXX,0
/not/used,I:330-Scr-Fo-3_t11,A_440-Scr-Ch-3_scaffold-3-4,XXXXXXXX,0
/not/used,N:368-Scr-crNo-3_t11,A_440-Scr-Ch-3_scaffold-3-4,XXXXXXXX,0
/not/used,O:382-Scr-Rc-6_t11,A_440-Scr-Ch-3_scaffold-3-4,XXXXXXXX,0
/not/used,M:350-Scr-Rc-6_t11,A_440-Scr-Ch-3_scaffold-3-4,XXXXXXXX,0
/not/used,I:330-Scr-Fo-1_t11,A_440-Scr-Ch-3_scaffold-3-4,XXXXXXXX,0
/not/used,L:364-Scr-tlBa-5_t11,A_440-Scr-Ch-3_scaffold-3-4,XXXXXXXX,0
/not/used,I:340-Scr-ccBa-2_t11,A_440-Scr-Ch-3_scaffold-3-4,XXXXXXXX,0
/not/used,J:323-Scr-Rc-8_t11,A_440-Scr-Ch-3_scaffold-3-4,XXXXXXXX,0
/not/used,J:329-Scr-tlBa-3_t11,A_440-Scr-Ch-3_scaffold-3-4,XXXXXXXX,0
/not/used,J:322-Scr-Fo-6_t11,A_440-Scr-Ch-3_scaffold-3-4,XXXXXXXX,0
/not/used,B:302-Scr-Fo-2_t11,A_440-Scr-Ch-3_scaffold-3-4,XXXXXXXX,0
/not/used,B:310-Scr-tlBa-3_t11,A_440-Scr-Ch-3_scaffold-3-4,XXXXXXXX,0
/not/used,B:305-Scr-crCh-3_t11,A_440-Scr-Ch-3_scaffold-3-4,XXXXXXXX,0
/not/used,B:303-Scr-Rc-5_t11,A_440-Scr-Ch-3_scaffold-3-4,XXXXXXXX,0
/not/used,B:310-Scr-tlBa-6_t11,A_440-Scr-Ch-3_scaffold-3-4,XXXXXXXX,0
/not/used,B:307-Scr-crNo-6_t11,A_440-Scr-Ch-3_scaffold-3-4,XXXXXXXX,0
/not/used,F:191-Scr-Nk-2_t07,A_440-Scr-Ch-3_scaffold-3-4,XXXXXXXX,0
/not/used,A:244-Stp-Rc70-1_t08,A_440-Scr-Ch-3_scaffold-3-4,XXXXXXXX,0
/not/used,A:277-Ext-ccLcW-3_t08,A_440-Scr-Ch-3_scaffold-3-4,XXXXXXXX,0
/not/used,A:277-Ext-ccLcW-2_t08,A_440-Scr-Ch-3_scaffold-3-4,XXXXXXXX,0
/not/used,A:277-Ext-ccLcW-1_t08,A_440-Scr-Ch-3_scaffold-3-4,XXXXXXXX,0
/not/used,A:269-Ext-trMoW-1_t08,A_440-Scr-Ch-3_scaffold-3-4,XXXXXXXX,0
/not/used,A:249-Stp-Fo74-1_t08,A_440-Scr-Ch-3_scaffold-3-4,XXXXXXXX,0
/not/used,A:300-Scr-crBa-2_t08,A_440-Scr-Ch-3_scaffold-3-4,XXXXXXXX,0
/not/used,A:269-Ext-trMoW-2_t08,A_440-Scr-Ch-3_scaffold-3-4,XXXXXXXX,0
/not/used,A:246-Stp-Rc68-5_t08,A_440-Scr-Ch-3_scaffold-3-4,XXXXXXXX,0
/not/used,A:291-Scr-crCh-3_t08,A_440-Scr-Ch-3_scaffold-3-4,XXXXXXXX,0
/not/used,A:291-Scr-crCh-2_t08,A_440-Scr-Ch-3_scaffold-3-4,XXXXXXXX,0
/not/used,A:289-Scr-Rch-1_t08,A_440-Scr-Ch-3_scaffold-3-4,XXXXXXXX,0
/not/used,A:255-Stp-Lc79-1_t08,A_440-Scr-Ch-3_scaffold-3-4,XXXXXXXX,0
/not/used,E:097-Scr-tlBa-4_t00,A_440-Scr-Ch-3_scaffold-3-4,XXXXXXXX,0
/not/used,E:097-Scr-tlBa-3_t00,A_440-Scr-Ch-3_scaffold-3-4,XXXXXXXX,0
/not/used,E:095-Scr-Rc-4_t00,A_440-Scr-Ch-3_scaffold-3-4,XXXXXXXX,0
/not/used,E:095-Scr-Rc-3_t00,A_440-Scr-Ch-3_scaffold-3-4,XXXXXXXX,0
/not/used,C:053-Scr-Ch-2_t00,A_440-Scr-Ch-3_scaffold-3-4,XXXXXXXX,0
/not/used,C:053-Scr-Ch-1_t00,A_440-Scr-Ch-3_scaffold-3-4,XXXXXXXX,0
/not/used,C:051-Scr-Lc-3_t00,A_440-Scr-Ch-3_scaffold-3-4,XXXXXXXX,0
/not/used,C:051-Scr-Lc-1_t00,A_440-Scr-Ch-3_scaffold-3-4,XXXXXXXX,0
/not/used,R:405-Ext-tlLcB-2_t15,A_440-Scr-Ch-3_scaffold-3-4,XXXXXXXX,0
/not/used,B:079-Ext-lcFoBs-2_t00,A_440-Scr-Ch-3_scaffold-3-4,XXXXXXXX,0
/not/used,B:077-Scr-brBa-2_t00,A_440-Scr-Ch-3_scaffold-3-4,XXXXXXXX,0
/not/used,B:076-Scr-blBa-1_t00,A_440-Scr-Ch-3_scaffold-3-4,XXXXXXXX,0
/not/used,B:075-Scr-trBa-3_t00,A_440-Scr-Ch-3_scaffold-3-4,XXXXXXXX,0
/not/used,B:075-Scr-trBa-2_t00,A_440-Scr-Ch-3_scaffold-3-4,XXXXXXXX,0
/not/used,D:062-Scr-tlBa-4_t00,A_440-Scr-Ch-3_scaffold-3-4,XXXXXXXX,0
/not/used,A:021-Ext-brChBp-1_t00,A_440-Scr-Ch-3_scaffold-3-4,XXXXXXXX,0
/not/used,D:059-Scr-Lc-1_t00,A_440-Scr-Ch-3_scaffold-3-4,XXXXXXXX,0
/not/used,D:059-Scr-Lc-4_t00,A_440-Scr-Ch-3_scaffold-3-4,XXXXXXXX,0
/not/used,D:060-Scr-Rc-2_t00,A_440-Scr-Ch-3_scaffold-3-4,XXXXXXXX,0
/not/used,A:019-Ext-trChBy-1_t00,A_440-Scr-Ch-3_scaffold-3-4,XXXXXXXX,0
/not/used,A:012-Ext-ccRcBs-3_t00,A_440-Scr-Ch-3_scaffold-3-4,XXXXXXXX,0
/not/used,A:411-Scr-Fo-8_t35,A_440-Scr-Ch-3_scaffold-3-4,XXXXXXXX,0
/not/used,A:442-Scr-trBa-2_t60,A_440-Scr-Ch-3_scaffold-3-4,XXXXXXXX,0
/not/used,A:442-Scr-trBa-4_t60,A_440-Scr-Ch-3_scaffold-3-4,XXXXXXXX,0
/not/used,A:437-Scr-Lc-6_t60,A_440-Scr-Ch-3_scaffold-3-4,XXXXXXXX,0